city,href
苏右旗,/suyouqi/index.html
朱日和,/zhurihe/index.html
阿城,acheng/index.html
昂昂溪,angangxiqu/index.html
爱民,aiminqu/index.html
安达,anda/index.html
爱辉,aihui/index.html
安图,antu/index.html
鞍山,anshan/index.html
阿旗,aluqi/index.html
敖汉,aohan/index.html
阿鲁科尔沁旗,alukeer/index.html
阿巴嘎,abaga/index.html
阿荣旗,arongqi/index.html
阿尔山,aershan/index.html
阿拉善盟,alashanmeng/index.html
阿拉善左旗,alashanzuoqi/index.html
阿拉善右旗,alashanyouqi/index.html
安新,anxin/index.html
安国,anguo/index.html
安次,anciqu/index.html
安平,anping/index.html
安泽,anze/index.html
安塞,ansai/index.html
安康,ankang/index.html
安丘,anqiu/index.html
阿拉尔,alaer/index.html
阿克苏,akesu/index.html
阿瓦提,awati/index.html
阿瓦提,awat/index.html
阿勒泰,aletai/index.html
阿图什,atushi/index.html
阿克陶,aketao/index.html
阿合奇,aheqi/index.html
阿拉山口,alashankou/index.html
昂仁,angren/index.html
安多,anduo/index.html
阿里,ali/index.html
安宁,anningqu/index.html
安定,anding/index.html
阿克塞,akesai/index.html
安阳,anyang/index.html
安阳,anyangxian/index.html
安陆,anlu/index.html
安吉,anji/index.html
安庆,anqing/index.html
安溪,anxi/index.html
安义,anyi/index.html
安福,anfu/index.html
安远,anyuan/index.html
安源,anyuanqu/index.html
安仁,anren/index.html
安乡,anxiang/index.html
安化,anhua/index.html
安顺,anshun/index.html
安龙,anlong/index.html
安县,anxian/index.html
安州,anzhouqu/index.html
安居,anjuqu/index.html
安岳,anyue/index.html
阿坝,aba/index.html
安宁,anning/index.html
都安,andu/index.html
澳门,aomen/index.html
新城,aomenxincheng/index.html
北京,beijing/index.html
宝山,baoshan/index.html
宝坻,baodi/index.html
北辰,beichen/index.html
滨海,binhaixinqu/index.html
北碚,beibei/index.html
巴南,banan/index.html
璧山,bishan/index.html
宾县,binxian/index.html
巴彦,bayan/index.html
拜泉,baiquan/index.html
北林区,beilinqu/index.html
北安,beian/index.html
勃利,boli/index.html
宝清,baoqing/index.html
白城,baicheng/index.html
白山,baishan/index.html
八道江,baishanqu/index.html
本溪,benxi/index.html
本溪满族,benximanzu/index.html
北镇,beizhen/index.html
鲅鱼圈,bayuquanqu/index.html
白塔,baita/index.html
北票,beipiao/index.html
包头,baotou/index.html
白云鄂博,baiyunebo/index.html
巴雅尔吐胡硕,bayaertuhushuo/index.html
巴林左旗,balinzuoqi/index.html
巴林右旗,balinyouqi/index.html
八里罕,balihan/index.html
宝国吐,baoguotu/index.html
巴彦淖尔,bayanzhuoer/index.html
博克图,boketu/index.html
保定,baoding/index.html
博野,boye/index.html
北市,beishiqu/index.html
霸州,bazhou/index.html
泊头,botou/index.html
柏乡,baixiang/index.html
北戴河,beidaihe/index.html
保德,bode/index.html
碑林,beilin/index.html
灞桥,baqiaoqu/index.html
彬州,binxian1/index.html
宝塔,baotaqu/index.html
白水,baishui/index.html
白河,baihe/index.html
宝鸡,baoji/index.html
博山,boshan/index.html
滨州,binzhou/index.html
博兴,boxing/index.html
滨城,binxianqu/index.html
白杨沟,baiyanggou/index.html
白碱滩,baijiantan/index.html
巴音布鲁克,bayinbuluke/index.html
博湖,bohu/index.html
巴仑台,baluntai/index.html
巴州,bazhou1/index.html
拜城,baicheng1/index.html
巴楚,bachu/index.html
巴里坤,balikun/index.html
布尔津,buerjin/index.html
博乐,bole/index.html
博州,bozhou/index.html
白朗,bailang/index.html
波密,bomi/index.html
巴宜,bayiqu/index.html
边坝,bianba/index.html
八宿,basu/index.html
班戈,bange/index.html
巴青,baqing/index.html
比如,biru/index.html
班玛,banma/index.html
白银,baiyin/index.html
白银,baiyinqu/index.html
北关,beiguanqu/index.html
宝丰,baofeng/index.html
博爱,boai/index.html
泌阳,biyang/index.html
白下,baixiaqu/index.html
北塘,beitangqu/index.html
滨湖,binhuqu/index.html
宝应,baoying/index.html
滨海,binhai/index.html
保康,baokang/index.html
巴东,badong/index.html
滨江,binjianqu/index.html
北仑,beilun/index.html
包河,baohequ/index.html
蚌埠,bengbu/index.html
蚌山,bengshanqu/index.html
八公山,bagong-mountainqu/index.html
博望,bowang/index.html
亳州,bozhou2/index.html
北湖,beihuqu/index.html
北塔,beitaqu/index.html
保靖,baojing/index.html
贵阳白云,guiyangbaiyun/index.html
碧江,bijiangqu/index.html
播州,bozhouqu/index.html
毕节,bijie/index.html
北川,beichuan/index.html
巴中,bazhong/index.html
布拖,butuo/index.html
宝兴,baoxing/index.html
白玉,baiyu/index.html
巴塘,batang/index.html
广州白云,baiyun/index.html
博罗,boluo/index.html
宝安,baoanqu/index.html
宾川,binchuan/index.html
保山,baoshan1/index.html
宾阳,binyang/index.html
八步,babu/index.html
博白,bobai/index.html
北流,beiliu/index.html
百色,baise/index.html
巴马,bama/index.html
北海,beihai/index.html
白沙黎族,baisha/index.html
保亭黎族苗族,baotinglizumiaozu/index.html
朝阳,chaoyang/index.html
昌平,changping/index.html
崇明,chongming/index.html
长宁,changningqu/index.html
重庆,chongqing/index.html
长寿,changshou/index.html
城口,chengkou/index.html
翠峦,cuiluanqu/index.html
城子河,chengzihequ/index.html
长春,changchun/index.html
朝阳,chaoyangqu/index.html
船营,chuanyingqu/index.html
昌邑,changyiqu/index.html
长岭,changling/index.html
长白,changbai/index.html
长海,changhai/index.html
昌图,changtu/index.html
朝阳,chaoyang1/index.html
朝阳,chaoyangxian/index.html
察右前旗,cahaeryouqian/index.html
察右中旗,chahaeryouzhong/index.html
察右后旗,chahaeryouhou/index.html
赤峰,chifeng/index.html
陈旗,chenqi/index.html
陈巴尔虎旗,chenbaerhu/index.html
长安,changanqu/index.html
赤城,chicheng/index.html
崇礼,chongli/index.html
承德,chengde/index.html
承德,chengdexian/index.html
曹妃甸,caofeidian/index.html
沧州,cangzhou/index.html
沧县,cangxian/index.html
成安,chengan/index.html
磁县,cixian/index.html
丛台,congtaiqu/index.html
昌黎,changli/index.html
城区,yangquanjiaoqu/index.html
长治,changzhi/index.html
长治,changzhixian/index.html
长安,changan/index.html
淳化,chunhua/index.html
长武,changwu/index.html
澄城,chengcheng/index.html
城固,chenggu/index.html
陈仓,chencang/index.html
长清,changqing/index.html
城阳,chengyangqu/index.html
长岛,changdao/index.html
昌乐,changle/index.html
昌邑,changyi/index.html
苍山,cangshan/index.html
曹县,caoxian/index.html
成武,chengwu/index.html
成山头,chengshantou/index.html
茌平,chiping/index.html
昌吉,changji/index.html
蔡家湖,caijiahu/index.html
察布查尔,chabuchaer/index.html
策勒,cele/index.html
拉萨城关,lasachengguanqu/index.html
错那,cuona/index.html
措美,cuomei/index.html
察隅,chayu/index.html
昌都,changdu/index.html
察雅,chaya/index.html
措勤,cuoqin/index.html
城东,chengdongqu/index.html
城西,chengxiqu/index.html
城北,chengbeiqu/index.html
西宁,xiningchengzhongqu/index.html
称多,chenduo/index.html
城关,chengguan/index.html
崇信,chongxin/index.html
成县,chengxian/index.html
长垣,changyuan/index.html
长葛,changge/index.html
瀍河回族,chanhequ/index.html
川汇,chuanhuiqu/index.html
崇安,chonganqu/index.html
常熟,changshu/index.html
沧浪,canglangqu/index.html
崇川,chongchuanqu/index.html
楚州,chuzhou/index.html
常州,changzhou/index.html
蔡甸,caidian/index.html
赤壁,chibi/index.html
崇阳,chongyang/index.html
长阳,changyang/index.html
淳安,chunan/index.html
长兴,changxing/index.html
慈溪,cixi/index.html
苍南,cangnan/index.html
常山,changshan/index.html
长丰,changfeng/index.html
巢湖,chaohu/index.html
滁州,chuzhou1/index.html
池州,chizhou/index.html
长乐,changle1/index.html
仓山,cangshanqu/index.html
城厢,chengxiang/index.html
崇武,chongwu/index.html
长泰,changtai/index.html
长汀,changting/index.html
崇仁,chongren/index.html
崇义,chongyi/index.html
昌江区,changjiangqu/index.html
长沙,changsha/index.html
长沙,changshaxian/index.html
茶陵,chaling/index.html
常宁,changning/index.html
郴州,chenzhou/index.html
常德,changde/index.html
城步,chengbu/index.html
慈利,cili/index.html
辰溪,chenxi/index.html
赤水,chishui/index.html
长顺,changshun/index.html
岑巩,cengong/index.html
从江,congjiang/index.html
册亨,ceheng/index.html
成都,chengdu/index.html
崇州,chongzhou/index.html
成华,chenghuaqu/index.html
船山,chuanshanqu/index.html
长宁,changning1/index.html
翠屏,cuipingqu/index.html
苍溪,cangxi/index.html
朝天,chaotianqu/index.html
从化,conghua/index.html
潮阳,chaoyang2/index.html
澄海,chenghai/index.html
潮南,chaonanqu/index.html
禅城,chanchengqu/index.html
赤坎,chikan/index.html
潮州,chaozhou/index.html
潮安,chaoan/index.html
城区,chengqu/index.html
呈贡,chenggong/index.html
昌宁,changningxian/index.html
澄江,chengjiang/index.html
楚雄,chuxiong/index.html
沧源,cangyuan/index.html
崇左,chongzuo/index.html
城中,chengzhongqu/index.html
苍梧,cangwu/index.html
岑溪,cenxi/index.html
长洲,changzhouqu/index.html
澄迈,chengmai/index.html
昌江,changjiang/index.html
大兴,daxing/index.html
东城,dongchengqu/index.html
东丽,dongli/index.html
大港,dagang/index.html
大渡口,dadukou/index.html
垫江,dianjiang/index.html
大足,dazu/index.html
道外,daowaiqu/index.html
道里,daoliqu/index.html
东宁,dongning/index.html
东安,donganqu/index.html
东风,dongfengqu/index.html
大兴安岭,daxinganling/index.html
带岭,dailingqu/index.html
大庆,daqing/index.html
杜尔伯特,duerbote/index.html
大同,daqingdatong/index.html
滴道,didaoqu/index.html
东山,dongshanqu/index.html
德惠,dehui/index.html
敦化,dunhua/index.html
东昌,dongchangqu/index.html
大安,daan/index.html
东丰,dongfeng/index.html
东辽,dongliao/index.html
东岗,donggang/index.html
大东,dadongqu/index.html
大连,dalian/index.html
丹东,dandong/index.html
东港,donggang1/index.html
大石桥,dashiqiao/index.html
东洲,dongzhouqu/index.html
灯塔,dengta/index.html
调兵山,diaobingshan/index.html
大洼,dawa/index.html
东河,donghequ/index.html
达茂旗,daerhanmaomingan/index.html
达拉特,dalate/index.html
东胜,dongsheng/index.html
磴口,dengkou/index.html
东乌旗,dongwuqi/index.html
多伦,duolun/index.html
东乌旗,dongwuzhumuqinqi/index.html
定州,dingzhou/index.html
定兴,dingxing/index.html
大城,dacheng/index.html
大厂,dachang/index.html
东光,dongguang/index.html
大名,daming/index.html
大同,datong/index.html
大同,datongxian/index.html
大宁,daning/index.html
定襄,dingxiang/index.html
代县,daixian/index.html
定边,dingbian/index.html
大荔,dali/index.html
丹凤,danfeng/index.html
德州,dezhou/index.html
德城,decheng/index.html
东平,dongping/index.html
岱岳,daiyuequ/index.html
东明,dongming/index.html
定陶,dingtao/index.html
东营,dongying/index.html
东营,dongyingqu/index.html
东港,donggangqu/index.html
东阿,donge/index.html
东昌府,dongchangfu/index.html
达坂城,dabancheng/index.html
独山子,dushanziqu/index.html
当雄,dangxiong/index.html
堆龙德庆,duilongdeqing/index.html
达孜,dazi/index.html
定日,dingri/index.html
定结,dingjie/index.html
丁青,dingqing/index.html
大通回族,datonghuizu/index.html
达日,dari/index.html
多县,duoxian1/index.html
大柴旦,dachaidan/index.html
都兰,dulan/index.html
德令哈,delingha/index.html
定西,dingxi/index.html
敦煌,dunhuang/index.html
宕昌,dangchang/index.html
东乡族,dongxiang/index.html
迭部,diebu/index.html
大武口,dawukouqu/index.html
登封,dengfeng/index.html
邓州,dengzhou/index.html
郸城,dancheng/index.html
丹阳,danyang/index.html
丹徒,dantu/index.html
东台,dongtai/index.html
大丰,dafeng/index.html
东海,donghai/index.html
东西湖,dongxihu/index.html
大悟,dawu/index.html
大冶,daye/index.html
当阳,dangyang/index.html
点军,dianjunqu/index.html
丹江口,danjiangkou/index.html
掇刀,duodao/index.html
东宝,dongbaoqu/index.html
德清,deqing/index.html
洞头,dongtou/index.html
东阳,dongyang/index.html
岱山,daishan/index.html
定海,dinghai/index.html
大通,datongqu/index.html
当涂,dangtu/index.html
大观,daguanqu/index.html
砀山,dangshan/index.html
定远,dingyuan/index.html
杜集,dujiqu/index.html
东至,dongzhi/index.html
德化,dehua/index.html
东山,dongshan/index.html
大田,datian/index.html
钓鱼岛,diaoyudao/index.html
东湖,donghuqu/index.html
德安,dean/index.html
都昌,duchang/index.html
德兴,dexing/index.html
东乡,dongxiang1/index.html
大余,dayu/index.html
定南,dingnan/index.html
武陵,wulingqu/index.html
鼎城,dingchengqu/index.html
洞口,dongkou/index.html
大祥,daxiangqu/index.html
东安,dongan/index.html
道县,daoxian/index.html
道真,daozhen/index.html
都匀,duyun/index.html
独山,dushan/index.html
丹寨,danzhai/index.html
德江,dejiang/index.html
大方,dafang/index.html
大邑,dayi/index.html
都江堰,dujiangyan/index.html
攀枝花东区,panzhihuadongqu/index.html
大安,daanqu/index.html
达州,dazhou/index.html
大竹,dazhu/index.html
达川,dachuan/index.html
达县,daxian/index.html
大英,dayinqu/index.html
东兴,dongxing/index.html
丹棱,danleng/index.html
东坡,dongpoqu/index.html
德昌,dechang/index.html
丹巴,danba/index.html
道孚,daofu/index.html
德格,dege/index.html
稻城,daocheng/index.html
得荣,derong/index.html
德阳,deyang/index.html
大埔,dabu/index.html
斗门,doumen/index.html
德庆,deqing1/index.html
端州,duanzhouqu/index.html
鼎湖,dinghuqu/index.html
东源,dongyuan/index.html
东莞,dongguan/index.html
电白,dianbai/index.html
东川,dongchuan/index.html
大理,dali1/index.html
大姚,dayao/index.html
大关,daguan/index.html
迪庆,diqing/index.html
德钦,deqin/index.html
德宏,dehong/index.html
大新,daxin/index.html
叠彩,diecai/index.html
都安瑶族,duan/index.html
德保,debao/index.html
东兰,donglan/index.html
大化,dahua/index.html
东兴,dongxingshi/index.html
东方,dongfang/index.html
儋州,danzhou/index.html
定安,dingan/index.html
大堂,datang/index.html
二道,erdaoqu/index.html
二道江,erdaojiang/index.html
鄂尔多斯,eerduosi/index.html
鄂前旗,eqianqi/index.html
鄂托克,etuokeqi/index.html
二连浩特,erlianhaote/index.html
鄂伦春旗,elunchunqi/index.html
鄂温克旗,ewenkeqi/index.html
额尔古纳,eerguna/index.html
鄂伦春,elunchun/index.html
鄂温克,ewenke/index.html
额济纳,ejina/index.html
额敏,emin/index.html
二七,erqiqu/index.html
鄂州,ezhou/index.html
鄂城,echengqu/index.html
恩施,enshi/index.html
恩阳,enyang/index.html
峨边,ebian/index.html
峨眉,emei/index.html
峨眉山,emeishan/index.html
恩平,enping/index.html
洱源,eryuan/index.html
峨山,eshan/index.html
丰台,fengtai/index.html
房山,fangshan/index.html
奉贤,fengxian/index.html
涪陵,fuling/index.html
奉节,fengjie/index.html
丰都,fengdu/index.html
方正,fangzheng/index.html
富裕,fuyu/index.html
富拉尔基,fularjiqu/index.html
抚远,fuyuan/index.html
富锦,fujin/index.html
丰满,fengmanqu/index.html
扶余,fuyu1/index.html
抚松,fusong/index.html
法库,faku/index.html
抚顺,fushun/index.html
抚顺,fushunxian/index.html
凤城,fengcheng/index.html
阜新,fuxin/index.html
阜新蒙古族,fuxinmengguzu/index.html
丰镇,fengzhen/index.html
阜平,fuping/index.html
丰宁,fengning/index.html
丰南,fengnan/index.html
丰润,fengrun/index.html
阜城,fucheng/index.html
峰峰,fengfeng/index.html
肥乡,feixiang/index.html
复兴,fuxingqu/index.html
抚宁,funing/index.html
汾西,fenxi/index.html
浮山,fushan/index.html
繁峙,fanshi/index.html
方山,fangshan1/index.html
汾阳,fenyang/index.html
富县,fuxian/index.html
府谷,fugu/index.html
富平,fuping1/index.html
佛坪,fuoping/index.html
凤翔,fengxiang/index.html
扶风,fufeng/index.html
凤县,fengxian1/index.html
福山,fushan1/index.html
坊子,fangziqu/index.html
肥城,feicheng/index.html
费县,feixian/index.html
阜康,fukang/index.html
福海,fuhai/index.html
富蕴,fuyun/index.html
封丘,fengqiu/index.html
凤泉,fengquanqu/index.html
方城,fangcheng/index.html
范县,fanxian/index.html
扶沟,fugou/index.html
阜宁,funing1/index.html
丰县,fengxian2/index.html
樊城,fanchengqu/index.html
房县,fangxian/index.html
富阳,fuyang/index.html
奉化,fenghua/index.html
肥东,feidong/index.html
肥西,feixi/index.html
繁昌,fanchang/index.html
凤台,fengtai1/index.html
阜阳,fuyang1/index.html
阜南,funan/index.html
凤阳,fengyang/index.html
福州,fuzhou/index.html
福清,fuqing/index.html
福安,fuan/index.html
福鼎,fuding/index.html
丰泽,fengzequ/index.html
抚州,fuzhou1/index.html
奉新,fengxin/index.html
丰城,fengcheng1/index.html
浮梁,fuliang/index.html
分宜,fenyi/index.html
芙蓉,furongqu/index.html
凤凰,fenghuang/index.html
凤冈,fenggang/index.html
福泉,fuquan/index.html
富顺,fushun1/index.html
涪城,fuchengqu/index.html
丰顺,fengshun/index.html
福田,futianqu/index.html
佛山,foshan/index.html
封开,fengkai/index.html
佛冈,fogang/index.html
富民,fumin/index.html
富源,fuyuanxian/index.html
富宁,funingxian/index.html
凤庆,fengqing/index.html
福贡,fugong/index.html
扶绥,fusui/index.html
富川,fuchuan/index.html
福绵,fumian/index.html
凤山,fengshan/index.html
防城港,fangchenggang/index.html
防城,fangchengqu/index.html
风顺堂,fengshuntang/index.html
甘南,gannan1/index.html
工农,gongnongqu/index.html
公主岭,gongzhuling/index.html
甘井子,ganjingziqu/index.html
古塔,gutaqu/index.html
盖州,gaizhou/index.html
弓长岭,gongchangling/index.html
固阳,guyang/index.html
高力板,gaoliban/index.html
岗子,gangzi/index.html
根河,genhe/index.html
拐子湖,guanzihu/index.html
高邑,gaoyi/index.html
藁城,gaocheng/index.html
高阳,gaoyang/index.html
高碑店,gaobeidian/index.html
沽源,guyuan/index.html
古冶,guyequ/index.html
固安,guan/index.html
广阳,guangyangqu/index.html
故城,gucheng/index.html
广宗,guangzong/index.html
广平,guangping/index.html
馆陶,guantao/index.html
古交,gujiao/index.html
广灵,guangling/index.html
高平,gaoping/index.html
古县,guxian/index.html
高陵,gaoling/index.html
甘泉,ganquan/index.html
高青,gaoqing/index.html
高密,gaomi/index.html
广饶,guangrao/index.html
钢城,gangchengqu/index.html
冠县,guanxian/index.html
高唐,gaotang/index.html
高昌,gaochang/index.html
巩留,gongliu/index.html
岗巴,gangba/index.html
贡嘎,gongga/index.html
工布江达,gongbujiangda/index.html
贡觉,gongjue/index.html
改则,gaize/index.html
噶尔,gaer/index.html
革吉,geji/index.html
贵德,guide/index.html
贵南,guinan/index.html
共和,gonghe/index.html
果洛,guoluo/index.html
甘德,gande/index.html
刚察,gangcha/index.html
格尔木,geermu/index.html
皋兰,gaolan/index.html
古浪,gulang/index.html
高台,gaotai/index.html
甘州,ganzhouqu/index.html
瓜州,guazhou/index.html
甘谷,gangu/index.html
广河,guanghe/index.html
甘南,gannan/index.html
固原,guyuanguyuan/index.html
巩义,gongyi/index.html
管城回族,guanchengqu/index.html
光山,guangshan/index.html
固始,gushi/index.html
开封鼓楼,kaifenggulouqu/index.html
高淳,gaochun/index.html
鼓楼,nanjinggulou/index.html
姑苏,gusuqu/index.html
港闸,gangzhaqu/index.html
高邮,gaoyou/index.html
广陵,guanglingqu/index.html
徐州鼓楼,gulouqu/index.html
赣榆,ganyu/index.html
灌云,guanyun/index.html
灌南,guannan/index.html
高港,gaogangqu/index.html
谷城,gucheng1/index.html
公安,gongan/index.html
广水,guangshui/index.html
拱墅,gongshuqu/index.html
古城,guchengqu/index.html
固镇,guzhen/index.html
涡阳,guoyang/index.html
广德,guangde/index.html
贵池,guichiqu/index.html
古田,gutian/index.html
光泽,guangze/index.html
共青城,gongqingcheng/index.html
广丰,guangfeng/index.html
广昌,guangchang/index.html
高安,gaoan/index.html
赣州,ganzhou/index.html
赣县,ganxian/index.html
贵溪,guixi/index.html
桂阳,guiyang/index.html
桂东,guidong/index.html
古丈,guzhang/index.html
贵阳,guiyang1/index.html
观山湖,guanshanhu/index.html
关岭,guanling/index.html
贵定,guiding/index.html
贡井,gongjingqu/index.html
广安,guangan/index.html
广安,guanganqu/index.html
古蔺,gulin/index.html
高县,gaoxian/index.html
珙县,gongxian/index.html
甘洛,ganluo/index.html
甘孜,ganzi/index.html
广汉,guanghan/index.html
广元,guangyuan/index.html
广州,guangzhou/index.html
光明,guangming/index.html
高明,gaoming/index.html
广宁,guangning/index.html
高要,gaoyao/index.html
高州,gaozhou/index.html
官渡,guanduqu/index.html
个旧,gejiu/index.html
广南,guangnan/index.html
耿马,gengma/index.html
贡山,gongshan/index.html
桂林,guilin/index.html
灌阳,guanyang/index.html
恭城,gongcheng/index.html
恭城瑶族,gongchengqu/index.html
贵港,guigang/index.html
桂平,guiping/index.html
港北,gangbei/index.html
港南,gangnan/index.html
港口,gangkou/index.html
高雄,gaoxiong/index.html
海淀,haidian/index.html
怀柔,huairou/index.html
虹口,hongkou1/index.html
黄浦,huangpu1/index.html
汉沽,hangu/index.html
红桥,hongqiaoqu/index.html
河西,hexiqu/index.html
河东,hedongqu/index.html
河北,hebeiqu/index.html
和平,hepingqu/index.html
合川,hechuan/index.html
哈尔滨,haerbin/index.html
呼兰,hulan/index.html
海林,hailin/index.html
桦川,huachuan/index.html
桦南,huanan/index.html
海伦,hailun/index.html
黑河,heihe/index.html
呼玛,huma/index.html
呼中,huzhong/index.html
友好,youhaoqu/index.html
红星,hongxingqu/index.html
红岗,honggangqu/index.html
虎林,hulin/index.html
鹤岗,hegang/index.html
桦甸,huadian/index.html
和龙,helong/index.html
珲春,hunchun/index.html
辉南,huinan/index.html
浑江,hunjiangqu/index.html
皇姑,huangguqu/index.html
浑南,hunnan/index.html
和平,hepingqu1/index.html
海城,haicheng/index.html
桓仁,huanren/index.html
黑山,heishan/index.html
海州,haizhouqu/index.html
宏伟,hongwei/index.html
葫芦岛,huludao/index.html
呼和浩特,huhehaote/index.html
和林格尔,helin/index.html
呼市,hushijiaoqu/index.html
回民,huiminqv/index.html
海勃湾,haibowanqu/index.html
海南,hainanqu/index.html
化德,huade/index.html
霍林郭勒,huolinguole/index.html
浩尔吐,haoertu/index.html
红山,hongshanqu/index.html
杭锦旗,hangjinqi/index.html
海力素,hailisu/index.html
杭锦后旗,hangjinhouqi/index.html
海拉尔,hailaer/index.html
呼伦贝尔,hulunbeier/index.html
胡尔勒,huerle/index.html
怀安,huaian/index.html
怀来,huailai/index.html
海兴,haixing/index.html
黄骅,huanghua/index.html
河间,hejian/index.html
衡水,hengshui/index.html
邯郸,handan/index.html
邯山,hanshanqu/index.html
浑源,hunyuan/index.html
和顺,heshun/index.html
壶关,huguan/index.html
洪洞,hongtong/index.html
霍州,huozhou/index.html
侯马,houma/index.html
河津,hejin/index.html
怀仁,huairen/index.html
河曲,hequ/index.html
户县,huxian/index.html
黄陵,huangling/index.html
黄龙,huanglong/index.html
横山,hengshan/index.html
华县,huaxian/index.html
合阳,heyang/index.html
韩城,hancheng/index.html
华阴,huayin/index.html
华州,huazhouqu/index.html
汉阴,hanyin/index.html
汉滨,hanbinqu/index.html
汉中,hanzhong/index.html
汉台,hantaiqu/index.html
槐荫 ,kuaiyinqu/index.html
槐荫,jinanhuaiyin/index.html
黄岛,huangdao/index.html
桓台,huantai/index.html
海阳,haiyang/index.html
寒亭,hantingququ/index.html
河东,lingyihedong/index.html
菏泽,heze/index.html
惠民,huimin/index.html
河口,hekou/index.html
环翠,huancuiqu/index.html
呼图壁,hutubi/index.html
和静,hejing/index.html
和硕,heshuo/index.html
霍城,huocheng/index.html
霍尔果斯,huoerguosi/index.html
和布克赛尔,hebukesaier/index.html
哈密,hami/index.html
和田,hetian/index.html
和田,ketian/index.html
哈巴河,habahe/index.html
湟源,huangyuan/index.html
湟中,huangzhong/index.html
海东,haidong/index.html
互助,huzhu/index.html
化隆,hualong/index.html
黄南,huangnan/index.html
河南,henan1/index.html
河南蒙古族,henanmengguzu/index.html
海南,hainan/index.html
海西,haixi/index.html
海北,haibei/index.html
海晏,haiman/index.html
红古,honggu/index.html
华亭,huating/index.html
环县,huanxian/index.html
华池,huachi/index.html
合水,heshui/index.html
徽县,huixian/index.html
和政,hezheng/index.html
合作,hezuo/index.html
会宁,huining/index.html
贺兰,helan/index.html
惠农,huinong/index.html
红寺堡,hongsipuqu/index.html
海原,haiyuan/index.html
惠济,huijiqu/index.html
滑县,huaxian1/index.html
获嘉,huojia/index.html
辉县,huixian1/index.html
红旗,hongqiqu/index.html
淮滨,huaibin/index.html
潢川,huangchuan/index.html
鹤壁,hebi/index.html
鹤山,heshanqu1/index.html
华龙,hualongqu/index.html
淮阳,huaiyang/index.html
湖滨,hubinqu/index.html
惠山,huishanqu/index.html
虎丘,huqiuqu/index.html
海安,haian/index.html
海门,haimen/index.html
邗江,hanjiang1/index.html
淮安,huaian1/index.html
洪泽,hongze/index.html
淮阴,huaiyinqu/index.html
淮安,huaianqu/index.html
海州,lianyunganghaizhou/index.html
海陵,hailingqu/index.html
黄陂,huangpi/index.html
洪山,hongshan/index.html
汉阳,hanyangqu/index.html
汉南,hannanqu/index.html
汉川,hanchuan/index.html
黄冈,huanggang/index.html
红安,hongan/index.html
黄梅,huangmei/index.html
黄州,huangzhouqu/index.html
黄石,huangshi/index.html
黄石港,huangshigangqu/index.html
洪湖,honghu/index.html
华容,huarongqu/index.html
鹤峰,hefeng1/index.html
杭州,hangzhou/index.html
湖州,huzhou/index.html
海宁,haining/index.html
海盐,haiyan1/index.html
海曙,haishuqu/index.html
洪家,hongjia/index.html
黄岩,huangyan/index.html
横店,hengdian/index.html
合肥,hefei/index.html
怀远,huaiyuan/index.html
淮上,huaishangqu/index.html
淮南,huainan/index.html
花山,huashanqu/index.html
含山,hanshan/index.html
和县,hexian/index.html
怀宁,huaining/index.html
黄山,huangshan/index.html
黄山,huangshanqu/index.html
黄山风景,huangshanfengjingqu/index.html
徽州,huizhouqu/index.html
淮北,huaibei/index.html
霍邱,huoqiu/index.html
霍山,huoshan/index.html
湖里,huli/index.html
海沧,haicangqu/index.html
涵江,hanjiang/index.html
惠安,huian/index.html
华安,huaan/index.html
湖口,hukou/index.html
横峰,hengfeng/index.html
会昌,huichang/index.html
荷塘,hetangqu/index.html
衡阳,hengyang/index.html
衡山,hengshan1/index.html
衡东,hengdong/index.html
衡阳,hengyangxian/index.html
衡南,hengnan/index.html
汉寿,hanshou/index.html
赫山,heshanqu/index.html
华容,huarong/index.html
怀化,huaihua/index.html
会同,huitong/index.html
洪江,hongjiang/index.html
鹤城,hecheng/index.html
花垣,huayuan/index.html
花溪,huaxi/index.html
汇川,huichuan/index.html
红花岗,honghuagang/index.html
惠水,huishui/index.html
黄平,huangping/index.html
赫章,hezhang/index.html
华蓥,huaying/index.html
合江,hejiang/index.html
洪雅,hongya/index.html
会理,huili/index.html
会东,huidong/index.html
汉源,hanyuan/index.html
黑水,heishui/index.html
红原,hongyuan/index.html
花都,huadu/index.html
黄埔,huangpuqu/index.html
海珠,haizhuqu/index.html
惠州,huizhou/index.html
惠阳,huiyang/index.html
惠东,huidong1/index.html
惠城,huichengqu/index.html
濠江,haojiangqu/index.html
怀集,huaiji/index.html
鹤山,heshan/index.html
河源,heyuan/index.html
和平,heping/index.html
惠来,huilai/index.html
化州,huazhou/index.html
海丰,haifeng/index.html
鹤庆,heqing/index.html
红河,honghe/index.html
河口,hekou1/index.html
会泽,huize/index.html
华宁,huaning/index.html
红塔,hongtaqu/index.html
华坪,huaping/index.html
横县,hengxian/index.html
合山,heshanshi/index.html
贺州,hezhou/index.html
河池,hechi/index.html
环江,huanjiang/index.html
合浦,hepu/index.html
海口,haikou/index.html
海棠,haitangqu/index.html
香港,hongkong/index.html
花地玛,huadima/index.html
花莲,hualian/index.html
静安,jinganqu/index.html
嘉定,jiading/index.html
金山,jinshan/index.html
静海,jinghai/index.html
津南,jinnan/index.html
蓟州,tianjinjizhou/index.html
江北,jiangbei/index.html
九龙坡,jiulongpo/index.html
江津,jiangjin/index.html
建华,jianhuaqu/index.html
佳木斯,jiamusi/index.html
加格达奇,jiagedaqi/index.html
嘉荫,jiayin/index.html
金山屯,jinshantunqu/index.html
鸡西,jixi/index.html
鸡东,jidong/index.html
鸡冠,jiguanqu/index.html
恒山,hengshanqu/index.html
集贤,jixian1/index.html
尖山,jianshanqu/index.html
九台,jiutai/index.html
吉林,jilin/index.html
蛟河,jiaohe/index.html
集安,jian/index.html
靖宇,jingyu/index.html
江源,jiangyuan/index.html
金州,jinzhou/index.html
锦州,jinzhou1/index.html
建平,jianping/index.html
建昌,jianchang/index.html
九原,jiuyuanqu/index.html
集宁,jining/index.html
吉兰泰,jilantai/index.html
井陉,jingxing/index.html
晋州,jinzhou2/index.html
井陉矿,jingxingkuangqu/index.html
竞秀,jingxiu/index.html
京唐港,jingtanggang/index.html
景县,jingxian/index.html
冀州,jizhou/index.html
巨鹿,julu/index.html
鸡泽,jize/index.html
尖草坪,jiancaopingqu/index.html
晋源,jinyuanqu/index.html
郊区,jiaoqu/index.html
晋中,jinzhong/index.html
介休,jiexiu/index.html
潞州,changzhijiaoqu/index.html
晋城,jincheng/index.html
吉县,jixian/index.html
稷山,jishan/index.html
绛县,jiangxian/index.html
静乐,jingle/index.html
交口,jiaokou/index.html
交城,jiaocheng/index.html
泾阳,jingyang/index.html
佳县,jiaxian/index.html
靖边,jingbian/index.html
金台,jintaiqu/index.html
济南,jinan/index.html
济阳,jiyang/index.html
济南市中,jinanshizhong/index.html
即墨,jimo/index.html
胶州,jiaozhou/index.html
胶南,jiaonan/index.html
济宁,jining1/index.html
嘉祥,jiaxiang/index.html
金乡,jinxiang/index.html
莒南,junan/index.html
鄄城,juancheng/index.html
巨野,juye/index.html
莒县,juxian/index.html
吉木萨尔,jimusaer/index.html
伽师,jiashi/index.html
吉木乃,jimunai/index.html
精河,jinghe/index.html
江孜,jiangzi/index.html
吉隆,jilong/index.html
加查,jiacha/index.html
江达,jiangda/index.html
嘉黎,jiali/index.html
尖扎,jianzha/index.html
久治,jiuzhi/index.html
泾川,jingchuan/index.html
静宁,jingning/index.html
金昌,jinchang/index.html
金川,jinchuanqu/index.html
酒泉,jiuquan/index.html
金塔,jinta/index.html
积石山,jishishan/index.html
靖远,jingyuan/index.html
景泰,jingtai/index.html
嘉峪关,jiayuguan/index.html
金凤,jinfengqu/index.html
泾源,jinyuan1/index.html
金水,jinshuiqu/index.html
郏县,jiaxian1/index.html
金明,jinmingqu/index.html
吉利,jili/index.html
涧西,jianxiqu/index.html
焦作,jiaozuo/index.html
解放,jiefangqu/index.html
济源,jiyuan/index.html
江宁,jiangning/index.html
江浦,jiangpu/index.html
建邺,jianyequ/index.html
江阴,jiangyin/index.html
句容,jurong/index.html
京口,jingkou/index.html
金阊,jinchangqu/index.html
江都,jiangdu/index.html
建湖,jianhu/index.html
贾汪,jiawangqu/index.html
金湖,jinhu/index.html
金坛,jintan/index.html
姜堰,jiangyan/index.html
靖江,jingjiang/index.html
江夏,jiangxia/index.html
江汉,jianghanqu/index.html
江岸,jianganqu/index.html
嘉鱼,jiayu/index.html
荆州,jingzhou/index.html
江陵,jiangling/index.html
监利,jianli/index.html
荆州,jingzhouqu/index.html
建始,jianshi/index.html
荆门,jingmen/index.html
京山,jingshan/index.html
建德,jiande/index.html
江干,jiangganqu/index.html
嘉兴,jiaxing/index.html
嘉善,jiashan/index.html
江东,jiangdongqu/index.html
江北,ningbojiangbei/index.html
椒江,jiaojiang/index.html
缙云,jinyun/index.html
景宁,jingning1/index.html
金华,jinhua/index.html
金东,jindongqu/index.html
江山,jiangshan/index.html
居巢,juchaoqu/index.html
鸠江,jiujiangqu/index.html
镜湖,jinghuqu/index.html
金家庄,jinjiazhuangqu/index.html
界首,jieshou/index.html
泾县,jingxian1/index.html
旌德,jingde/index.html
绩溪,jixi1/index.html
金寨,jinzhai/index.html
金安,jinanqu/index.html
九华山,jiuhuashan/index.html
晋安,jinan1/index.html
集美,jimeiqu/index.html
蕉城,jiaochengqu/index.html
晋江,jinjiang/index.html
金门,jinmen/index.html
将乐,jiangle/index.html
建宁,jianning/index.html
建阳,jianyang/index.html
建瓯,jianou/index.html
进贤,jinxian/index.html
九江,jiujiang/index.html
九江,jiujiangxian/index.html
金溪,jinxi/index.html
靖安,jingan/index.html
吉安,jian1/index.html
吉安,jianxian/index.html
吉水,jishui/index.html
井冈山,jinggangshan/index.html
吉州,jizhouqu/index.html
景德镇,jingdezhen/index.html
嘉禾,jiahe/index.html
津市,jinshi/index.html
君山,junshanqu/index.html
靖州,jingzhou1/index.html
江永,jiangyong/index.html
江华,jianghua/index.html
吉首,jishou/index.html
剑河,jianhe/index.html
锦屏,jinping/index.html
江口,jiangkou/index.html
金沙,jinsha/index.html
金堂,jintang/index.html
锦江,jinjiangqu/index.html
金牛,jinniuqu/index.html
简阳,jianyang1/index.html
江油,jiangyou/index.html
嘉陵,jialingqu/index.html
江阳,jiangyangqu/index.html
江安,jiangan/index.html
筠连,junlian/index.html
井研,jingyan/index.html
夹江,jiajiang/index.html
金口河,jinkouhequ/index.html
金阳,jinyang/index.html
九龙,jiulong/index.html
九寨沟,jiuzhaigou/index.html
金川,jinchuan/index.html
旌阳,jingyangqu/index.html
剑阁,jiange/index.html
蕉岭,jiaoling/index.html
金平,jinpingqu/index.html
金湾,jinwan/index.html
江门,jiangmen/index.html
江海,jianghai/index.html
江城,jiangchengqu/index.html
揭阳,jieyang/index.html
揭西,jiexi/index.html
揭东,jiedong/index.html
晋宁,jinning/index.html
剑川,jianchuan/index.html
建水,jianshui/index.html
金平苗族,jinpingmiaozu/index.html
江川,jiangchuan/index.html
景谷,jinggu/index.html
景东,jingdong/index.html
江城,jiangcheng/index.html
江城哈尼族,jiangchengha/index.html
景洪,jinghong/index.html
景洪,jinghongshi/index.html
江南,jiangnan/index.html
江州,jiangzhou/index.html
江州,jaingzhou/index.html
金秀,jinxiu/index.html
靖西,jingxi/index.html
金城江,jinchengjiang/index.html
吉阳,jiyangqu/index.html
九龙,jiulongqu/index.html
嘉模,jiamo/index.html
嘉义,jiayi/index.html
基隆,jilongshi/index.html
嘉义县,jiayixian/index.html
金门,taiwanjinmen/index.html
开州,kaizhou/index.html
开县,kaixian/index.html
克山,keshan/index.html
克东,kedong/index.html
宽城,kuanchengqu/index.html
康平,kangping/index.html
宽甸,kuandian/index.html
开原,kaiyuan/index.html
喀喇沁左翼,kazuo/index.html
昆都仑,kundulunqu/index.html
科左中旗,kezuozhongqi/index.html
科左后旗,kezuohouqi/index.html
开鲁,kailu/index.html
库伦,kulun/index.html
科尔沁,horqinqu/index.html
克什克腾,keshiketeng/index.html
喀喇沁,kalaqin/index.html
康巴什,kangbashen/index.html
科右中旗,keyouzhongqi/index.html
科右前旗,keermiyouqian/index.html
科右中旗,keermiyouzhong/index.html
科尔沁左翼中旗,keerxinzuoyizhongqi/index.html
科尔沁左翼后旗,keerxinzuoyihouqi/index.html
康保,kangbao/index.html
宽城满族,kuanchengmanzu/index.html
开平,kaipingqu/index.html
矿区,kuangqu/index.html
岢岚,kelan/index.html
奎文,kuiwenqu/index.html
垦利,kenli/index.html
克拉玛依,kelamayi/index.html
克拉玛依,kelamayiqu/index.html
库尔勒,kuerle/index.html
库车,kuche/index.html
柯坪,keping/index.html
喀什,kashi/index.html
奎屯,kuitunshi/index.html
克州,kezhou/index.html
康马,kangma/index.html
卡若,keruoqu/index.html
崆峒,kongtong/index.html
康县,kangxian/index.html
康乐,kangle/index.html
开封,kaifeng/index.html
昆山,kunshan/index.html
柯桥,keqiaoqv/index.html
开化,kaihua/index.html
柯城,kechengqu/index.html
开福,kaifuqu/index.html
雨花,changshayuhua/index.html
开阳,kaiyang/index.html
凯里,kaili/index.html
开江,kaijiang/index.html
康定,kangding/index.html
开平,kaiping/index.html
昆明,kunming/index.html
开远,kaiyuan1/index.html
梁平,liangping/index.html
龙江,longjiang/index.html
林口,linkou/index.html
兰西,lanxi/index.html
林甸,lindian/index.html
龙凤,longfengqu/index.html
梨树,lishuqu/index.html
萝北,luobei/index.html
岭东,lingdongqu/index.html
绿园,luyuanqu/index.html
龙潭,longtan/index.html
龙井,longjing/index.html
梨树,lishu/index.html
柳河,liuhe/index.html
辽源,liaoyuan/index.html
龙山,longshanqu/index.html
临江,linjiang/index.html
辽中,liaozhong/index.html
旅顺,lvshun/index.html
旅顺,lushunkouqu/index.html
立山,lishanqu/index.html
凌海,linghai/index.html
凌河,linghe/index.html
老边,laobianqu/index.html
辽阳,liaoyang/index.html
辽阳,liaoyangxian/index.html
凌源,lingyuan/index.html
龙城,longchengqu/index.html
连山,lianshanqu/index.html
龙港,longgangqu/index.html
凉城,liangcheng/index.html
林西,linxi/index.html
临河,linhe/index.html
孪井滩,luanjingtan/index.html
栾城,luancheng/index.html
灵寿,lingshou/index.html
鹿泉,luquan1/index.html
莲池,lianchi/index.html
涞源,laiyuan/index.html
蠡县,lixian/index.html
涞水,laishui/index.html
滦平,luanping/index.html
隆化,longhua/index.html
滦州,luanxian/index.html
滦南,luannan/index.html
乐亭,laoting/index.html
路南,lunan/index.html
路北,lubei/index.html
廊坊,langfang/index.html
临城,lincheng/index.html
隆尧,longyao/index.html
临西,linxi1/index.html
临漳,linzhang/index.html
卢龙,lulong/index.html
娄烦,loufan/index.html
灵丘,lingqiu/index.html
灵石,lingshi/index.html
黎城,licheng/index.html
潞城,lucheng/index.html
陵川,lingchuan/index.html
临汾,linfen/index.html
临猗,linyi/index.html
吕梁,lvliang/index.html
离石,lvlianglishi/index.html
临县,linxian/index.html
岚县,lanxian/index.html
柳林,liulin/index.html
临潼,lintong/index.html
蓝田,lantian/index.html
莲湖,lianhuqu/index.html
礼泉,liquan/index.html
洛川,luochuan/index.html
临渭,linweiqu/index.html
洛南,luonan/index.html
岚皋,langao/index.html
略阳,lueyang/index.html
留坝,liuba/index.html
麟游,linyou/index.html
陇县,longxian/index.html
历下,lixiaqu/index.html
历城,jinanlicheng/index.html
崂山,laoshan/index.html
莱西,laixi/index.html
李沧,licangqu/index.html
临淄,linzi/index.html
临邑,linyi1/index.html
陵城,lingxian/index.html
乐陵,leling/index.html
莱州,laizhou/index.html
龙口,longkou/index.html
莱阳,laiyang/index.html
莱山,laishanqu/index.html
临朐,linqu/index.html
梁山,liangshan/index.html
临沂,linyi2/index.html
临沭,linshu/index.html
兰山,lanshanqu/index.html
罗庄,luozhuangqu/index.html
兰陵,lanling/index.html
利津,lijin/index.html
岚山,rizhaolanshan/index.html
莱芜,laiwu/index.html
莱芜,laicheng/index.html
聊城,liaocheng/index.html
临清,linqing/index.html
轮台,luntai/index.html
洛浦,luopu/index.html
拉萨,lasa/index.html
林周,linzhou1/index.html
拉孜,lazi/index.html
浪卡子,langkazi/index.html
隆子,longzi/index.html
洛扎,luozha/index.html
林芝,linzhi/index.html
朗县,langxian/index.html
洛隆,luolong/index.html
类乌齐,leiwuqi/index.html
乐都,ledu/index.html
冷湖,lenghu/index.html
兰州,lanzhou/index.html
陇西,longxi/index.html
临洮,lintao/index.html
灵台,lingtai/index.html
凉州,liangzhouqu/index.html
临泽,linze/index.html
礼县,lixian1/index.html
两当,liangdang/index.html
陇南,longnan1/index.html
临夏,linxia/index.html
临夏,linxiaxian/index.html
临潭,lintan/index.html
碌曲,luqu/index.html
灵武,lingwu/index.html
利通,litongqu/index.html
隆德,longde/index.html
林州,linzhou/index.html
龙安,longanqu/index.html
鲁山,lushan/index.html
罗山,luoshan/index.html
兰考,lankao/index.html
龙亭,longting/index.html
顺河回族,shunhehuizu/index.html
洛阳,luoyang/index.html
洛宁,luoning/index.html
栾川,luanchuan/index.html
洛龙,luolongqu/index.html
老城,laochengqu/index.html
梁园,liangyuanqu/index.html
鹿邑,luyi/index.html
漯河,luohe/index.html
临颍,linying/index.html
灵宝,lingbao/index.html
卢氏,lushi/index.html
溧水,lishui2/index.html
六合,luhe1/index.html
梁溪,liangxiqu/index.html
涟水,lianshui/index.html
连云港,lianyungang/index.html
连云,lianyun/index.html
溧阳,liyang/index.html
老河口,laohekou/index.html
梁子湖,liangzihu/index.html
罗田,luotian/index.html
利川,lichuan/index.html
来凤,laifeng/index.html
临安,linan/index.html
临海,linhai/index.html
路桥,luqiao/index.html
鹿城,luchengqu/index.html
龙湾,longwanqu/index.html
丽水,lishui/index.html
龙泉,longquan/index.html
莲都,liandu/index.html
兰溪,lanxi1/index.html
龙游,longyou/index.html
庐阳,luyang/index.html
庐江,lujiang/index.html
龙子湖,longzihu/index.html
灵璧,lingbi/index.html
临泉,linquan/index.html
利辛,lixin/index.html
来安,laian/index.html
琅琊,langyaqu/index.html
烈山,lieshan/index.html
郎溪,langxi/index.html
六安,luan/index.html
罗源,luoyuan/index.html
连江,lianjiang/index.html
荔城,licheng1/index.html
鲤城,lichengqu/index.html
洛江,luojiangqu1/index.html
龙海,longhai/index.html
龙文,longwen/index.html
龙岩,longyan/index.html
连城,liancheng/index.html
庐山,lushan1/index.html
濂溪,lianxi/index.html
乐安,lean/index.html
黎川,lichuan1/index.html
临川,linchuanqu/index.html
龙南,longnan/index.html
乐平,leping/index.html
莲花,lianhua/index.html
芦溪,luxi3/index.html
浏阳,liuyang/index.html
醴陵,liling/index.html
芦淞,lusongqu/index.html
耒阳,leiyang/index.html
临武,linwu/index.html
澧县,lixian2/index.html
临澧,linli/index.html
娄底,loudi/index.html
冷水江,lengshuijiang/index.html
涟源,lianyuan/index.html
娄星,louxing/index.html
隆回,longhui/index.html
临湘,linxiang/index.html
蓝山,lanshan/index.html
冷水滩,lengshuitan/index.html
零陵,lingling/index.html
泸溪,luxi/index.html
龙山,longshan/index.html
龙里,longli/index.html
罗甸,luodian/index.html
荔波,libo/index.html
雷山,leishan/index.html
黎平,liping/index.html
六枝,liuzhi/index.html
六盘水,liupanshui/index.html
龙泉驿,longquanyi/index.html
阆中,langzhong/index.html
邻水,linshui/index.html
泸州,luzhou/index.html
泸县,luxian/index.html
龙马潭,longmatan/index.html
隆昌,longchang/index.html
乐至,lezhi/index.html
乐山,leshan/index.html
凉山,liangshan1/index.html
雷波,leibo/index.html
芦山,lushanxian/index.html
泸定,luding/index.html
炉霍,luhuo/index.html
理塘,litang/index.html
理县,lixian3/index.html
罗江,luojiang/index.html
利州,lizhou/index.html
荔湾,liwan/index.html
乐昌,lechang/index.html
龙门,longmen/index.html
龙湖,longhu/index.html
龙岗,longgang/index.html
龙华,longhuaqu/index.html
雷州,leizhou/index.html
廉江,lianjiangshi/index.html
连平,lianping/index.html
龙川,longchuan/index.html
连南,liannan/index.html
连州,lianzhou/index.html
连山,lianshan/index.html
罗定,luoding/index.html
陆丰,lufeng/index.html
陆河,luhe/index.html
禄劝,luquan/index.html
绿春,lvchun/index.html
泸西,luxi1/index.html
陆良,luliang/index.html
罗平,luoping/index.html
龙陵,longling/index.html
隆阳,longyangqu/index.html
禄丰,lufengxian/index.html
澜沧,lancang/index.html
鲁甸,ludian/index.html
临沧,lincang/index.html
临翔,linxiangqu/index.html
兰坪,lanping/index.html
泸水,lushui/index.html
六库,liuku/index.html
丽江,lijiang/index.html
陇川,longchuanxian/index.html
梁河,lianghe/index.html
潞西,luxixian/index.html
隆安,longan/index.html
良庆,liangqing/index.html
龙州,longzhou/index.html
柳州,liuzhou/index.html
柳城,liucheng/index.html
鹿寨,luzhai/index.html
柳江,liujiangqu/index.html
柳南,liunan/index.html
来宾,laibin/index.html
龙胜,longsheng/index.html
临桂,lingui/index.html
灵川,lingchuanxian/index.html
荔浦,lipu/index.html
龙胜,longshenggezuzizhixian/index.html
龙圩,longweiqu/index.html
陆川,luchuan/index.html
隆林,longlin/index.html
乐业,leye/index.html
凌云,lingyun/index.html
隆林,longlinqu/index.html
灵山,lingshan/index.html
罗城,luocheng/index.html
龙华,longhua1/index.html
临高,lingao/index.html
陵水,lingshui/index.html
乐东黎族,ledong/index.html
路氹城,ludangcheng/index.html
连江,taiwanlianjiang/index.html
密云,miyun/index.html
门头沟,mentougou/index.html
闵行,minhang/index.html
木兰,mulan/index.html
梅里斯达斡尔族,meilisidawoerzuqu/index.html
牡丹江,mudanjiang/index.html
穆棱,muling/index.html
明水,mingshui/index.html
漠河,mohe/index.html
美溪,meixiqu/index.html
密山,mishan/index.html
麻山,mashanqu/index.html
梅河口,meihekou/index.html
明山,mingshanqu/index.html
满都拉,mandula/index.html
莫力达瓦,molidawa/index.html
满洲里,manzhouli/index.html
满城,mancheng/index.html
孟村,mengcun/index.html
米脂,mizhi/index.html
勉县,mianxian/index.html
眉县,meixian/index.html
牟平,muping/index.html
蒙阴,mengyin/index.html
牡丹,mudanqu/index.html
米东,midongqu/index.html
莫索湾,mosuowan/index.html
米泉,miquan/index.html
玛纳斯,manasi/index.html
木垒,mulei/index.html
麦盖提,maigaiti/index.html
墨玉,moyu/index.html
民丰,mingfeng/index.html
墨竹工卡,mozhugongka/index.html
米林,milin/index.html
墨脱,motuo/index.html
芒康,mangkang/index.html
民和,minhe/index.html
玛多,madu/index.html
玛沁,maqin/index.html
茫崖,mangai/index.html
门源,menyuan/index.html
岷县,minxian/index.html
民勤,minqin/index.html
民乐,minle/index.html
麦积,maiji/index.html
玛曲,maqu/index.html
牧野,muyequ/index.html
孟津,mengjin/index.html
民权,minquan/index.html
孟州,mengzhou/index.html
马村,macunqu/index.html
渑池,mianchi/index.html
麻城,macheng/index.html
茅箭,maojian/index.html
马鞍山,maanshan/index.html
蒙城,mengcheng/index.html
明光,mingguang/index.html
闽清,minqing/index.html
闽侯,minhou/index.html
马尾,maweiqu/index.html
明溪,mingxi/index.html
梅列,meiliequ/index.html
马坡岭,mapoling/index.html
汨罗,miluo/index.html
麻阳,mayang/index.html
湄潭,meitan/index.html
麻江,majiang/index.html
米易,miyi/index.html
绵阳,mianyang/index.html
沐川,muchuan/index.html
马边,mabian/index.html
眉山,meishan/index.html
木里,muli/index.html
冕宁,mianning/index.html
美姑,meigu/index.html
名山,mingshan/index.html
茂县,maoxian/index.html
马尔康,maerkang/index.html
绵竹,mianzhu/index.html
梅州,meizhou/index.html
梅县,meixian1/index.html
梅江,meijiangqu/index.html
麻章,mazhang/index.html
茂名,maoming/index.html
茂港,maogang/index.html
茂南,maonanqu/index.html
弥渡,midu/index.html
弥勒,mile/index.html
蒙自,mengzi/index.html
马龙,malong/index.html
马关,maguan/index.html
麻栗坡,malipo/index.html
牟定,mouding/index.html
墨江,mojiang/index.html
孟连,menglian/index.html
芒市,mangshi/index.html
芒市,mangshiqu/index.html
勐海,menghai/index.html
勐腊,mengla/index.html
马山,mashan/index.html
蒙山,mengshan/index.html
美兰,meilan/index.html
苗栗,miaoli/index.html
宁河,ninghe/index.html
南开,nankaiqu/index.html
南岸,nananqu/index.html
南川,nanchuan/index.html
南岗,nangangqu/index.html
讷河,nehe/index.html
碾子山,nianzishanqu/index.html
宁安,ningan/index.html
嫩江,nenjiang/index.html
南岔,nanchaqu/index.html
南山,hegangnansanqu/index.html
农安,nongan/index.html
南关,nanguanqu/index.html
宁江,ningjiangqu/index.html
南芬,nanfenqu/index.html
南票,nanpiaoqu/index.html
奈曼,naiman/index.html
宁城,ningcheng/index.html
那仁宝力格,narenbaolige/index.html
诺尔贡,nuoergong/index.html
南市,nanshiqu/index.html
南皮,nanpi/index.html
内丘,neiqiu/index.html
南和,nanhe/index.html
宁晋,ningjin/index.html
南宫,nangong/index.html
南郊,nanjiaoqu/index.html
宁武,ningwu/index.html
宁陕,ningshan/index.html
宁强,ningqiang/index.html
南郑,nanzheng/index.html
宁津,ningjin1/index.html
宁阳,ningyang/index.html
尼勒克,nileke/index.html
尼木,nimu/index.html
那曲地,nagqu/index.html
南木林,nanmulin/index.html
聂拉木,nielamu/index.html
乃东,naidong/index.html
那曲,naqu/index.html
尼玛,nima/index.html
聂荣,nierong/index.html
囊谦,nangqian/index.html
宁县,ningxian/index.html
内黄,neihuang/index.html
南阳,nanyang/index.html
南召,nanzhao/index.html
内乡,neixiang/index.html
宁陵,ningling/index.html
南乐,nanle/index.html
南京,nanjing/index.html
南长,nanchangqu/index.html
南通,nantong/index.html
南漳,nanzhang/index.html
南浔,nanxun/index.html
南湖,nanhuqu/index.html
宁波,ningbo/index.html
宁海,ninghai/index.html
南陵,nanling/index.html
南谯,nanqiaoqu/index.html
宁国,ningguo/index.html
宁德,ningde/index.html
南安,nanan/index.html
南靖,nanjing2/index.html
宁化,ninghua/index.html
南平,nanping/index.html
南昌,nanchang/index.html
南昌,nanchangxian/index.html
南城,nancheng/index.html
南丰,nanfeng/index.html
南康,nankang/index.html
宁都,ningdu/index.html
宁乡,ningxiang/index.html
南岳,nanyue/index.html
南县,nanxian/index.html
宁远,ningyuan/index.html
南明,nanming/index.html
纳雍,nayong/index.html
南充,nanchong/index.html
南部,nanbu/index.html
南江,nanjiang/index.html
纳溪,naxi/index.html
南溪,nanxi/index.html
内江,neijiang/index.html
宁南,ningnan/index.html
若尔盖,nuoergai/index.html
萝岗,luogang/index.html
南沙,nanshaqu/index.html
南雄,nanxiong/index.html
南澳,nanao/index.html
罗湖,luohu/index.html
南山,nanshanqu/index.html
南海,nanhai/index.html
南涧,nanjian/index.html
南华,nanhua/index.html
宁洱,ninger/index.html
怒江,nujiang/index.html
宁蒗,ninglang/index.html
南宁,nanning/index.html
宁明,ningming/index.html
那坡,napo/index.html
南丹,nandan/index.html
南沙,nanshadao/index.html
南投,nantou/index.html
瓯海,ouhaiqu/index.html
平谷,pinggu/index.html
南汇,nanhui/index.html
浦东,pudong/index.html
普陀,putuoqu/index.html
彭水,pengshui/index.html
平房,pingfangqu/index.html
磐石,panshi/index.html
普兰店,pulandian/index.html
平山,pingshanqu/index.html
盘锦,panjin/index.html
盘山,panshan/index.html
平山,pingshan/index.html
平泉,pingquan/index.html
平乡,pingxiang/index.html
平定,pingding/index.html
平遥,pingyao/index.html
平顺,pingshun/index.html
蒲县,puxian/index.html
平陆,pinglu/index.html
平鲁,pinglu1/index.html
偏关,pianguan/index.html
蒲城,pucheng/index.html
平利,pingli/index.html
平阴,pingyin/index.html
平度,pingdu/index.html
平原,pingyuan/index.html
蓬莱,penglai/index.html
平邑,pingyi/index.html
炮台,paotai/index.html
皮山,pishan/index.html
帕里,pali/index.html
普兰,pulan/index.html
平安,pingan/index.html
平凉,pingliang/index.html
平川,pingchuan/index.html
平罗,pingluo/index.html
彭阳,pengyang/index.html
平顶山,pingdingshan/index.html
平桥,pingqiaoqu/index.html
濮阳,puyang/index.html
濮阳,puyangxian/index.html
平舆,pingyu/index.html
浦口,pukou/index.html
平江,pingjiangqu/index.html
沛县,peixian/index.html
邳州,pizhou/index.html
平湖,pinghu/index.html
平阳,pingyang/index.html
浦江,pujiang/index.html
磐安,panan/index.html
普陀,putuo/index.html
潘集,panji/index.html
平潭,pingtan/index.html
屏南,pingnan/index.html
莆田,putian/index.html
平和,pinghe/index.html
浦城,pucheng1/index.html
彭泽,pengze/index.html
鄱阳,poyang/index.html
萍乡,pingxiang1/index.html
平江,pingjiang/index.html
普定,puding/index.html
平坝,pingba/index.html
平塘,pingtang/index.html
盘州,panxian/index.html
普安,puan/index.html
郫都,pixian/index.html
蒲江,pujiang1/index.html
彭州,pengzhou/index.html
攀枝花,panzhihua/index.html
平武,pingwu/index.html
蓬安,pengan/index.html
蓬溪,pengxi/index.html
平昌,pingchang/index.html
屏山,pingshanxian/index.html
彭山,pengshan/index.html
普格,puge/index.html
番禺,panyu/index.html
平远,pingyuanxian/index.html
坪山,pingshan1/index.html
坡头,potou/index.html
蓬江,pengjiang/index.html
普宁,puning/index.html
盘龙,panlong/index.html
屏边,pingbian/index.html
普洱,puer/index.html
凭祥,pingxiangshi/index.html
平乐,pingle/index.html
平桂,pingguiqu/index.html
平桂,pinggui/index.html
平南,pingnan1/index.html
平果,pingguo/index.html
浦北,pubeixian/index.html
浦北,pubei/index.html
屏东,pingdong/index.html
澎湖,penghu/index.html
青浦,qingpu/index.html
黔江,qianjiang/index.html
綦江,qijiang/index.html
齐齐哈尔,qiqihaer/index.html
前进,qianjinqu/index.html
青冈,qinggang/index.html
庆安,qingan/index.html
七台河,qitaihe/index.html
茄子河,qiezihequ/index.html
乾安,qianan/index.html
前郭,qianguo/index.html
千山,qianshanqu/index.html
清原,qingyuan/index.html
清河门,qinghemenqu/index.html
清河,qinghequ/index.html
清水河,qingshuihe/index.html
青山,qingshanqu/index.html
青龙山,qinglongshan/index.html
石家庄桥东,shijiazhuangqiaodongqu/index.html
桥西,qiaoxiqu/index.html
曲阳,quyang/index.html
清苑,qingyuan1/index.html
张家口桥东,zhangjiakouqiaodong/index.html
张家口桥西,zhangjiakouqiaoxiqu/index.html
迁西,qianxi/index.html
迁安,qianan1/index.html
青县,qingxian/index.html
清河,qinghe/index.html
桥东,qiaodongqu/index.html
邢台信都,xingtaiqiaoxiqu/index.html
邱县,qiuxian/index.html
曲周,quzhou/index.html
秦皇岛,qinhuangdao/index.html
青龙,qinglong/index.html
海港,haigangqu/index.html
清徐,qingxu/index.html
祁县,qixian/index.html
沁县,qinxian/index.html
沁源,qinyuan/index.html
沁水,qinshui/index.html
曲沃,quwo/index.html
乾县,qianxian/index.html
秦都,qinduqu/index.html
杨陵,yangling/index.html
清涧,qingjian/index.html
千阳,qianyang/index.html
岐山,qishan/index.html
青岛,qingdao/index.html
齐河,qihe/index.html
庆云,qingyun/index.html
栖霞,qixia/index.html
青州,qingzhou/index.html
曲阜,qufu/index.html
奇台,qitai/index.html
且末,qiemo/index.html
青河,qinghe1/index.html
曲水,qushui/index.html
琼结,qiongjie/index.html
曲松,qusong/index.html
曲麻莱,qumacai/index.html
祁连,qilian/index.html
七里河,qilihe/index.html
庆阳,qingyang/index.html
庆城,qingcheng/index.html
清水,qingshui/index.html
秦安,qinan/index.html
秦州,qinzhouqu/index.html
青铜峡,qingtongxia/index.html
杞县,qixian1/index.html
沁阳,qinyang/index.html
淇县,qixian2/index.html
淇滨,qibinqu/index.html
清丰,qingfeng/index.html
确山,queshan/index.html
栖霞,qixiaqu/index.html
秦淮,qinhuaiqu/index.html
启东,qidong/index.html
泉山,quanshanqu/index.html
清浦,qingpuqu/index.html
清江浦,qingjiangpu/index.html
戚墅堰,qishuyanqu/index.html
硚口,qiaokouqu/index.html
青山,qingshan/index.html
蕲春,qichun/index.html
潜江,qianjiang1/index.html
青田,qingtian/index.html
庆元,qingyuan2/index.html
衢州,quzhou1/index.html
衢江,qujiang1/index.html
潜山,qianshan/index.html
谯城,qiaochengqu/index.html
祁门,qimen/index.html
全椒,quanjiao/index.html
青阳,qingyang1/index.html
泉州,quanzhou/index.html
泉港,quangangqu/index.html
清流,qingliu/index.html
青云谱,qingyunpuqu/index.html
青山湖,qingshanhuqu/index.html
青原,qingyuanqu/index.html
全南,quannan/index.html
祁东,qidong1/index.html
祁阳,qiyang/index.html
清镇,qingzhen/index.html
黔南,qiannan/index.html
黔东南,qiandongnan/index.html
黔西,qianxi1/index.html
七星关,qixingguan/index.html
晴隆,qinglong1/index.html
黔西南,qianxinan/index.html
邛崃,qionglai/index.html
青羊,qingyangqu/index.html
青白江,qingbaijiangqu/index.html
渠县,quxian/index.html
前锋,qianfeng/index.html
犍为,qianwei/index.html
青神,qingshen/index.html
青川,qingchuan/index.html
曲江,qujiang/index.html
清远,qingyuan3/index.html
清新,qingxin/index.html
清城,qingchengqu/index.html
曲靖,qujing/index.html
麒麟,qilinqu/index.html
丘北,qiubei/index.html
巧家,qiaojia/index.html
青秀,qingxiu/index.html
全州,quanzhouxian/index.html
七星,qixing/index.html
钦州,qinzhou/index.html
钦南,qinnan/index.html
钦北,qinbei/index.html
琼山,qiongshan/index.html
琼中县,qiongzhong/index.html
琼海,qionghai/index.html
荣昌,rongchang/index.html
让胡路,ranghuluqu/index.html
饶河,raohe/index.html
容城,rongcheng/index.html
任丘,renqiu/index.html
饶阳,raoyang/index.html
任县,renxian/index.html
芮城,ruicheng/index.html
任城,renchengqu/index.html
荣成,rongcheng2/index.html
乳山,rushan/index.html
日照,rizhao/index.html
若羌,ruoqiang/index.html
日喀则,rikaze/index.html
仁布,renbu/index.html
日喀则,shigatsequ/index.html
日土,ritu/index.html
汝州,ruzhou/index.html
汝阳,ruyang/index.html
汝南,runan/index.html
润州,runzhouqu/index.html
如皋,rugao/index.html
如东,rudong/index.html
瑞安,ruian/index.html
瑞昌,ruichang/index.html
瑞金,ruijin/index.html
汝城,rucheng/index.html
仁怀,renhuai/index.html
榕江,rongjiang/index.html
仁和,renhe/index.html
荣县,rongxian/index.html
仁寿,renshou/index.html
壤塘,rangtang/index.html
乳源,ruyuan/index.html
仁化,renhua/index.html
饶平,raoping/index.html
榕城,rongchengqu/index.html
瑞丽,ruili/index.html
融安,rongan/index.html
融水,rongshui/index.html
容县,rongxian1/index.html
顺义,shunyi/index.html
石景山,shijingshan/index.html
上海,shanghai/index.html
松江,songjiang/index.html
沙坪坝,shapingba/index.html
石柱,shizhu/index.html
双城,shuangcheng/index.html
尚志,shangzhi/index.html
松北,songbeiqu/index.html
绥芬河,suifenhe/index.html
绥化,suihua/index.html
绥棱,suiling/index.html
孙吴,sunwu/index.html
上甘岭,shangganlingqu/index.html
萨尔图,saertuqu/index.html
绥滨,suibin/index.html
双鸭山,shuangyashan/index.html
四方台,sifangtaiqu/index.html
双阳,shuangyang/index.html
舒兰,shulan/index.html
四平,siping/index.html
双辽,shuangliao/index.html
松原,songyuan/index.html
沈阳,shenyang/index.html
沈河,shenhequ/index.html
苏家屯,sujiatunqu/index.html
沈北,shenbeixinqu/index.html
沙河口,shahekouqu/index.html
顺城,shunchengqu/index.html
双塔,shuangtaqu/index.html
双台子,shuangtaiziqu/index.html
绥中,suizhong/index.html
赛罕,saihanqu/index.html
石拐,shiguaiqu/index.html
商都,shangdu/index.html
四子王旗,siziwangqi/index.html
舍伯吐,shebotu/index.html
松山,songshanqu/index.html
苏左旗,sunitezuoqi/index.html
苏左旗,suzuoqi/index.html
石家庄,shijiazhuang/index.html
深泽,shenze/index.html
顺平,shunping/index.html
尚义,shangyi/index.html
双桥,shuangqiaoqu/index.html
双滦,shuangluanqu/index.html
三河,sanhe/index.html
肃宁,suning/index.html
深州,shenzhou/index.html
沙河,shahe/index.html
涉县,shexian/index.html
山海关,shanhaiguanqu/index.html
寿阳,shouyang/index.html
朔州,shuozhou/index.html
山阴,shanyin/index.html
朔城,shuocheng/index.html
神池,shenchi/index.html
石楼,shilou/index.html
三原,sanyuan/index.html
神木,shenmu/index.html
绥德,suide/index.html
商洛,shangluo/index.html
商州,shangzhou/index.html
商南,shangnan/index.html
山阳,shanyang/index.html
石泉,shiquan/index.html
商河,shanghe/index.html
市北,shibeiqu/index.html
市南,shinan/index.html
寿光,shouguang/index.html
泗水,sishui/index.html
单县,shanxian/index.html
石岛,shidao/index.html
枣庄市中,shizhongqu/index.html
山亭,shantingququ/index.html
莘县,shenxian/index.html
沙依巴克,saybaghqu/index.html
水磨沟,shuimogouqu/index.html
石河子,shihezi/index.html
鄯善,shanshan/index.html
沙雅,shaya/index.html
莎车,shache/index.html
疏附,shufu/index.html
疏勒,shule/index.html
沙湾,shawan/index.html
萨嘎,saga/index.html
萨迦,sajia/index.html
桑珠孜,sangzhuzi/index.html
山南,shannan/index.html
桑日,sangri/index.html
索县,suoxian/index.html
双湖,shuanghu/index.html
申扎,shenzha/index.html
狮泉河,shiquanhe/index.html
肃南,sunan/index.html
山丹,shandan/index.html
肃北,subei/index.html
肃州,suzhouqu/index.html
石嘴山,shizuishan/index.html
沙坡头,shapotouqu/index.html
上街,shangjie/index.html
石龙,shilong/index.html
商城,shangcheng/index.html
浉河,shihequ/index.html
社旗,sheqi/index.html
嵩县,songxian/index.html
商丘,shangqiu/index.html
睢县,suixian/index.html
睢阳,suiyangqo/index.html
山阳,shanyangqu/index.html
山城,shanchengqu/index.html
商水,shangshui/index.html
沈丘,shenqiu/index.html
召陵,shaolingqu/index.html
遂平,suiping/index.html
上蔡,shangcai/index.html
三门峡,sanmenxia/index.html
陕县,shanxian1/index.html
苏州,suzhou/index.html
射阳,sheyang/index.html
睢宁,suining2/index.html
宿迁,suqian/index.html
沭阳,shuyang/index.html
泗阳,siyang/index.html
泗洪,sihong/index.html
宿豫,suyu/index.html
宿城,suchengqu/index.html
石首,shishou/index.html
松滋,songzi/index.html
沙市,shashi/index.html
三峡,sanxia/index.html
十堰,shiyan/index.html
神农架,shennongjia/index.html
随州,suizhou/index.html
随县,suizhousuixian/index.html
沙洋,shayang/index.html
上城,shangchengqu/index.html
绍兴,shaoxing/index.html
上虞,shangyu/index.html
嵊州,shengzhou/index.html
三门,sanmen/index.html
遂昌,suichang/index.html
松阳,songyang/index.html
嵊泗,shengsi/index.html
蜀山,shushanqu/index.html
三山,sanshanqu/index.html
宿松,susong/index.html
宿州,suzhou1/index.html
泗县,sixian/index.html
歙县,shexian2/index.html
濉溪,suixi/index.html
狮子山,shizishanqu/index.html
寿县,shouxian/index.html
舒城,shucheng/index.html
石台,shitai/index.html
思明,simingqu/index.html
寿宁,shouning/index.html
石狮,shishi/index.html
上杭,shanghang/index.html
三明,sanming/index.html
沙县,shaxian1/index.html
三元,sanyuanqu/index.html
顺昌,shunchang/index.html
邵武,shaowu/index.html
松溪,songxi/index.html
上饶,shangrao/index.html
上饶,shangraoxian/index.html
上高,shanggao/index.html
遂川,suichuan/index.html
上犹,shangyou/index.html
石城,shicheng/index.html
上栗,shangli/index.html
韶山,shaoshan/index.html
石峰,shifengqu/index.html
石鼓,shiguqu/index.html
苏仙,suxian/index.html
石门,shimen/index.html
双峰,shuangfeng/index.html
邵阳,shaoyang/index.html
邵东,shaodong/index.html
绥宁,suining/index.html
邵阳,shaoyangxian/index.html
双清,shuangqingqu/index.html
桑植,sangzhi/index.html
双牌,shuangpai/index.html
绥阳,suiyang/index.html
三都,sandu/index.html
施秉,shibing/index.html
三穗,sansui/index.html
思南,sinan/index.html
石阡,shiqian/index.html
松桃,songtao/index.html
水城,shuicheng/index.html
双流,shuangliu/index.html
三台,santai/index.html
高坪,gaopingqu/index.html
顺庆,shunqing/index.html
遂宁,suining1/index.html
射洪,shehong/index.html
沙湾,shawanqu/index.html
石棉,shimian/index.html
石渠,shiqu/index.html
色达,seda/index.html
松潘,songpan/index.html
什邡,shifang/index.html
韶关,shaoguan/index.html
始兴,shixing/index.html
汕头,shantou/index.html
深圳,shenzhen/index.html
顺德,shunde/index.html
三水,sanshui/index.html
四会,sihui/index.html
遂溪,suixixian/index.html
汕尾,shanwei/index.html
石林,shilin/index.html
嵩明,songming/index.html
石屏,shiping/index.html
师宗,shizong/index.html
施甸,sidian/index.html
双柏,shuangbai/index.html
思茅,simao/index.html
绥江,suijiang/index.html
水富,shuifu/index.html
双江,shuangjiang/index.html
上林,shanglin/index.html
三江,sanjiang/index.html
上思,shangsi/index.html
三亚,sanya/index.html
圣安多尼,shenganduoni/index.html
圣方济各,shnegfangjige/index.html
通州,tongzhou/index.html
天津,tianjin/index.html
塘沽,tanggu/index.html
潼南,tongnan/index.html
铜梁,tongliang/index.html
通河,tonghe/index.html
泰来,tailai/index.html
铁锋,tiefengqu/index.html
汤原,tangyuan/index.html
同江,tongjiang/index.html
塔河,tahe/index.html
铁力,tieli/index.html
汤旺河,tangwanghequ/index.html
桃山,taoshanqu/index.html
图们,tumen/index.html
铁西,tiexiqu/index.html
铁东,tiedong/index.html
通化,tonghua/index.html
通化,tonghuaxian/index.html
洮南,taonan/index.html
通榆,tongyu/index.html
洮北,taobeiqu/index.html
沈阳铁西,shenyangtiexiqu/index.html
台安,taian/index.html
铁东,anshantiedong/index.html
鞍山铁西,anshantiexiqu/index.html
太和,taihequ/index.html
太平,taipingqu/index.html
太子河,taizihe/index.html
铁岭,tieling/index.html
铁岭,tielingxian/index.html
土左旗,tuzuoqi/index.html
托克托,tuoxian/index.html
土左旗,tumotezuoqi/index.html
托克托,tuoketuo/index.html
土右旗,tumoteyouqi/index.html
通辽,tongliao/index.html
太仆寺,taibusiqi/index.html
突泉,tuquan/index.html
头道湖,toudaohu/index.html
唐县,tangxian/index.html
唐山,tangshan/index.html
唐海,tanghai/index.html
桃城,taochengqu/index.html
太原,taiyuan/index.html
天镇,tianzhen/index.html
太谷,taigu/index.html
屯留,tunliu/index.html
潼关,tongguan/index.html
太白,taibai/index.html
铜川,tongchuan/index.html
天桥,tianqiaoqu/index.html
泰安,taian1/index.html
泰山,taishanqu/index.html
郯城,tancheng/index.html
台儿庄,taierzhuang/index.html
滕州,tengzhou/index.html
天池,tianchi/index.html
天山,tianshan/index.html
头屯河,toutunhequ/index.html
吐鲁番,tulufan/index.html
托克逊,tuokexun/index.html
铁干里克,tieganlike/index.html
塔中,tazhong/index.html
塔什库尔干,tashikuergan/index.html
喀什,tashishi/index.html
特克斯,tekesi/index.html
塔城,tacheng/index.html
托里,tuoli/index.html
图木舒克,tumushuke/index.html
铁门关,tiemenguan/index.html
同仁,tongren1/index.html
同德,tongde/index.html
天峻,tianjun/index.html
通渭,tongwei/index.html
天祝,tianzhu/index.html
天水,tianshui/index.html
陶乐,taole/index.html
同心,tongxin/index.html
汤阴,tangyin/index.html
唐河,tanghe/index.html
桐柏,tongbai/index.html
通许,tongxu/index.html
台前,taiqian/index.html
太康,taikang/index.html
太仓,taicang/index.html
通州,tongzhou1/index.html
亭湖,tinghuqu/index.html
铜山,tongshan1/index.html
天宁,tianningqu/index.html
泰州,taizhou2/index.html
泰兴,taixing/index.html
团风,tuanfeng/index.html
铁山,tieshan/index.html
通城,tongcheng/index.html
通山,tongshan/index.html
天门,tianmen/index.html
桐庐,tonglu/index.html
桐乡,tongxiang/index.html
台州,taizhou/index.html
天台,tiantai/index.html
泰顺,taishun/index.html
田家庵,tianjiaanqu/index.html
太湖,taihu/index.html
桐城,tongcheng1/index.html
太和,taihe/index.html
屯溪,tunxi/index.html
天长,tianchang/index.html
铜陵,tongling/index.html
铜官山,tongguanshanqu/index.html
铜陵,tonglingjiaoqu/index.html
铜官,tongguanqu/index.html
台江,taijiangqu/index.html
同安,tongan/index.html
泰宁,taining/index.html
铜鼓,tonggu/index.html
泰和,taihe1/index.html
天心,tianxinqu/index.html
天元,tianyuanqu/index.html
桃源,taoyuan/index.html
桃江,taojiang/index.html
通道,tongdao/index.html
桐梓,tongzi/index.html
台江,taijiang/index.html
天柱,tianzhu1/index.html
铜仁,tongren/index.html
通川,tongchuanqu/index.html
通江,tongjiang1/index.html
天全,tianquan/index.html
天河,tianhequ/index.html
台山,taishan/index.html
太华山,taihuashan/index.html
腾冲,tengchong/index.html
通海,tonghai/index.html
天等,tiandeng/index.html
藤县,tengxian/index.html
覃塘,tantang/index.html
田阳,tianyang/index.html
田东,tiandong/index.html
田林,tianlin/index.html
天峨,tiane/index.html
铁山港,tieshangang/index.html
天涯,tianyaqu/index.html
屯昌,tunchang/index.html
台湾,taiwan/index.html
台北,taibei/index.html
台中,taizhong/index.html
台南,tainan/index.html
桃园,taoyuanqu/index.html
台东,taidong/index.html
武清,wuqing/index.html
万盛,wansheng/index.html
万州,wanzhou/index.html
巫溪,wuxi/index.html
巫山,wushan/index.html
武隆,wulong/index.html
五常,wuchang/index.html
望奎,wangkui/index.html
五大连池,wudalianchi/index.html
乌伊岭,wuyiling/index.html
五营,wuying/index.html
乌马河,wumahequ/index.html
汪清,wangqing/index.html
瓦房店,wafangdian/index.html
望花,wanghuaqu/index.html
文圣,wensheng/index.html
武川,wuchuan/index.html
乌海,wuhai/index.html
乌达,wudaqu/index.html
乌兰察布,wulanchabu/index.html
翁牛特,wengniute/index.html
乌审,wushenqi/index.html
五原,wuyuan/index.html
乌前旗,wuqianqi/index.html
乌中旗,wulatezhongqi/index.html
乌后旗,wulatehouqi/index.html
乌后旗,wuhouqi/index.html
乌前旗,wulateqianqi/index.html
乌拉盖,wulagai/index.html
乌兰浩特,wulanhaote/index.html
乌斯太,wusitai/index.html
无极,wuji/index.html
望都,wangdu/index.html
万全,wanquan/index.html
围场,weichang/index.html
文安,wenan/index.html
吴桥,wuqiao/index.html
武邑,wuyi/index.html
武强,wuqiang/index.html
威县,weixian1/index.html
魏县,weixian/index.html
武安,wuan/index.html
万柏林,wanbolinqu/index.html
武乡,wuxiang/index.html
万荣,wanrong/index.html
闻喜,wenxi/index.html
五台,wutai/index.html
五台山,wutaishan/index.html
五寨,wuzhai/index.html
文水,wenshui/index.html
未央,weiyangqu/index.html
武功,wugong/index.html
渭城,weicheng/index.html
吴起,wuqi/index.html
吴堡,wubu/index.html
渭南,weinan/index.html
渭滨,weibin/index.html
王益,wangyiqu/index.html
武城,wucheng/index.html
潍坊,weifang/index.html
潍城,weichengqu/index.html
微山,weishan/index.html
汶上,wenshang/index.html
无棣,wudi/index.html
威海,weihai/index.html
文登,wendeng/index.html
五莲,wulian/index.html
乌鲁木齐,wulumuqi/index.html
乌市牧试站,wulumuqimushizhan/index.html
乌鲁木齐,wulumuqixian/index.html
乌尔禾,wuerhe/index.html
乌什,wushi/index.html
温宿,wensu/index.html
乌苏,wusu/index.html
乌恰,wuqia/index.html
温泉,wenquan/index.html
五家渠,wujiaqu/index.html
乌兰,wulan/index.html
渭源,weiyuan/index.html
武威,wuwei/index.html
武山,wushan1/index.html
武都,wudu/index.html
文县,wenxian/index.html
吴忠,wuzhong/index.html
文峰,wenfengqu/index.html
卫辉,weihui/index.html
卫滨,weibinqu/index.html
魏都,weidu/index.html
舞钢,wugang/index.html
卫东,weidongqu/index.html
宛城,wanchengqu/index.html
卧龙,wolongqu/index.html
尉氏,weishi/index.html
武陟,wuzhi/index.html
温县,wenxian1/index.html
舞阳,wuyang/index.html
无锡,wuxi1/index.html
吴中,wuzhong1/index.html
吴江,wujiang/index.html
维扬,weiyang/index.html
武进,wujin/index.html
武汉,wuhan/index.html
武昌,wuchangqu/index.html
武穴,wuxue/index.html
五峰,wufeng/index.html
伍家岗,wujiagang/index.html
吴兴,wuxingqu/index.html
温岭,wenling/index.html
温州,wenzhou/index.html
文成,wencheng/index.html
武义,wuyi1/index.html
婺城,wuchengqu/index.html
五河,wuhe/index.html
芜湖,wuhu/index.html
芜湖,wuhuxian/index.html
无为,wuwei1/index.html
望江,wangjiang/index.html
武平,wuping/index.html
武夷山,wuyishan/index.html
湾里,wanliqu/index.html
武宁,wuning/index.html
婺源,wuyuan1/index.html
万年,wannian/index.html
万载,wanzai/index.html
万安,wanan/index.html
望城,wangcheng/index.html
武冈,wugang1/index.html
武陵源,wulingyuan/index.html
乌当,wudang/index.html
务川,wuchuan1/index.html
瓮安,wengan/index.html
万山,wanshan/index.html
威宁,weining/index.html
望谟,wangmo/index.html
温江,wenjiang/index.html
武侯,wuhouqu/index.html
万源,wanyuan/index.html
武胜,wusheng/index.html
威远,weiyuanxian/index.html
五通桥,wutongqiaoqu/index.html
汶川,wenchuan/index.html
旺苍,wangcang/index.html
翁源,wengyuan/index.html
武江,wujiang1/index.html
五华,wuhua/index.html
吴川,wuchuanshi/index.html
五华,wuhuaqu/index.html
巍山,weishanxian/index.html
文山,wenshan/index.html
武定,wuding/index.html
威信,weixin/index.html
维西,weixi/index.html
武鸣,wuming/index.html
武宣,wuxuan/index.html
梧州,wuzhou/index.html
万秀,wanxiu/index.html
涠洲岛,weizhoudao/index.html
文昌,wenchang/index.html
万宁,wanning/index.html
五指山,wuzhishan/index.html
望德,wangde/index.html
西城,xichengqu/index.html
徐汇,xuhui/index.html
徐家汇,xujiahui/index.html
西青,xiqing/index.html
秀山,xiushan/index.html
香坊,xiangfangqu/index.html
向阳,xiangyangqu/index.html
逊克,xunke/index.html
新林,xinlin/index.html
西林,xilinqu/index.html
新青,xinqingqu/index.html
新兴,xinxingqu/index.html
向阳,hegangxiangyang/index.html
兴山,xingshanqu/index.html
兴安,xinganqu/index.html
西安区,xianqu/index.html
新民,xinmin/index.html
西岗,xigangqu/index.html
岫岩,xiuyan/index.html
新宾,xinbin/index.html
新抚,xinfuqu1/index.html
溪湖区,xihuqu/index.html
西市,xishiqu/index.html
新邱,xinqiuqu/index.html
细河,xihequ/index.html
西丰,xifeng/index.html
兴隆台,xinglongtaiqu/index.html
兴城,xingcheng/index.html
新城,huhehaotexincheng/index.html
希拉穆,xilamuren/index.html
兴和,xinghe/index.html
锡林浩特,xilinhaote/index.html
西乌旗,xiwuzhumuqinqi/index.html
西乌旗,xiwuqi/index.html
镶黄旗,xianghuang/index.html
锡林郭勒,xilingguole/index.html
小二沟,xiaoergou/index.html
新左旗,xinbaerhuzuoqi/index.html
新右旗,xinyouqi/index.html
兴安盟,xinganmeng/index.html
锡林高勒,xilingaole/index.html
行唐,xingtang/index.html
辛集,xinji/index.html
新乐,xinle/index.html
新华,xinhuaqu/index.html
徐水,xushui/index.html
雄县,xiongxian/index.html
宣化,xuanhua/index.html
下花园,xiahuayuanqu/index.html
兴隆,xinglong/index.html
香河,xianghe/index.html
献县,xianxian/index.html
沧州新华,cangzhouxinhuaqu/index.html
邢台,xingtai/index.html
新河,xinhe/index.html
小店,xiaodianqu/index.html
杏花岭,xinghualing/index.html
新荣,xinrongqu/index.html
昔阳,xiyang/index.html
襄垣,xiangyuan/index.html
隰县,xixian/index.html
襄汾,xiangfen/index.html
乡宁,xiangning/index.html
新绛,xinjiang1/index.html
夏县,xiaxian/index.html
忻州,xinzhou/index.html
忻府,xinfuqu/index.html
兴县,xingxian/index.html
孝义,xiaoyi/index.html
西安,xian/index.html
新城,xincheng/index.html
咸阳,xianyang/index.html
旬邑,xunyi/index.html
兴平,xingping/index.html
旬阳,xunyang/index.html
西乡,xixiang/index.html
夏津,xiajin/index.html
新泰,xintai/index.html
薛城,xuecheng/index.html
小渠子,xiaoquzi/index.html
新市,xinshiqu/index.html
新和,xinhe1/index.html
新源,xinyuan/index.html
谢通门,xietongmen/index.html
西宁,xining/index.html
循化,xunhua/index.html
兴海,xinghai/index.html
西固,xiguqu/index.html
西峰,xifeng1/index.html
西和,xihe/index.html
夏河,xiahe/index.html
兴庆,xingqingqu/index.html
西夏,xixiaqu/index.html
西吉,xiji/index.html
荥阳,xingyang/index.html
新密,xinmi/index.html
新郑,xinzheng/index.html
新乡,xinxiang/index.html
新乡,xinxiangxian/index.html
许昌,xuchang/index.html
襄城,xiangcheng/index.html
许昌,xuchangxian/index.html
新华,pingdingxinhua/index.html
信阳,xinyang/index.html
息县,xixian1/index.html
新县,xinxian1/index.html
西峡,xixia/index.html
淅川,xichuan/index.html
新野,xinye/index.html
祥符,xiangfuqu/index.html
新安,xinan/index.html
西工,xigongqu/index.html
夏邑,xiayi/index.html
修武,xiuwu/index.html
浚县,xunxian/index.html
西华,xihua/index.html
项城,xiangcheng1/index.html
西平,xiping/index.html
新蔡,xincai/index.html
陕州,xiazhouqu/index.html
玄武,xuanwuqu/index.html
下关,xiaguanqu/index.html
锡山,xishan/index.html
新吴,xinwuqu/index.html
相城,xiangchengqu/index.html
响水,xiangshui/index.html
徐州,xuzhou/index.html
新沂,xinyi/index.html
盱眙,xuyi/index.html
新浦,xinpu/index.html
新北,changzhouxinbeiqu/index.html
兴化,xinghua/index.html
新洲,xinzhou1/index.html
襄阳,xiangyang/index.html
襄州,xiangzhou1/index.html
襄阳襄城,xiangyangxiangcheng/index.html
孝感,xiaogan/index.html
孝昌,xiaochang/index.html
孝南,xiaonanqu/index.html
浠水,xishui/index.html
下陆,xialu/index.html
西塞山,xisaishan/index.html
咸宁,xianning/index.html
咸安,xianan/index.html
兴山,xingshan/index.html
猇亭,xiaoting/index.html
西陵,xilingqu/index.html
咸丰,xianfeng/index.html
宣恩,xuanen/index.html
仙桃,xiantao/index.html
萧山,xiaoshan/index.html
下城,xiachengqu/index.html
西湖,xihu/index.html
秀洲,xiuzhouqu/index.html
象山,xiangshan/index.html
新昌,xinchang/index.html
仙居,xianju/index.html
谢家集,xiejiajiqu/index.html
萧县,xiaoxian/index.html
休宁,xiuning/index.html
相山,xiangshanqu/index.html
宣城,xuancheng/index.html
宣州,xuanzhouqu/index.html
厦门,xiamen/index.html
翔安,xianganqu/index.html
霞浦,xiapu/index.html
仙游,xianyou/index.html
秀屿港,xiuyugang/index.html
秀屿,xiuyu/index.html
芗城,zhangzhouxiangcheng/index.html
新罗,xinluoqu/index.html
新建,xinjian/index.html
星子,xingzi/index.html
修水,xiushui/index.html
浔阳,xunyangqu/index.html
信州,xinzhouqu/index.html
新干,xingan/index.html
峡江,xiajiang/index.html
信丰,xinfeng/index.html
寻乌,xunwu/index.html
兴国,xingguo/index.html
湘东,xiangdong/index.html
新余,xinyu/index.html
湘潭,xiangtan/index.html
湘乡,xiangxiang/index.html
湘潭,xiangtanxian/index.html
新化,xinhua/index.html
新邵,xinshao/index.html
新宁,xinning/index.html
湘阴,xiangyin/index.html
新晃,xinhuang/index.html
溆浦,xupu/index.html
新田,xintian/index.html
湘西,xiangxi/index.html
息烽,xifeng2/index.html
修文,xiuwen/index.html
小河,xiaohe/index.html
习水,xishui1/index.html
西秀,xixiuqu/index.html
兴义,xingyi1/index.html
兴仁,xingren/index.html
新都,xindu/index.html
新津,xinjin/index.html
攀枝花西区,panzhihuaxiqu/index.html
西充,xichong/index.html
宣汉,xuanhan/index.html
叙永,xuyong/index.html
兴文,xingwen/index.html
西昌,xichang/index.html
喜德,xide/index.html
新龙,xinlong/index.html
乡城,xiangchengxian/index.html
小金,xiaojin/index.html
新丰,xinfengxian/index.html
兴宁,xingningshi/index.html
香洲,xiangzhouqu/index.html
徐闻,xuwen/index.html
霞山,xiashan/index.html
新会,xinhui/index.html
新兴,xinxing/index.html
湘桥,xiangqiaoqu/index.html
信宜,xinyishi/index.html
寻甸,xundian/index.html
西山,xishanqu/index.html
祥云,xiangyun/index.html
宣威,xuanwei/index.html
西畴,xichou/index.html
新平,xinping/index.html
西盟,ximeng/index.html
香格里拉,xianggelila/index.html
西双版纳,xishuangbanna/index.html
兴宁,xingning/index.html
西乡塘,xixiangtang/index.html
忻城,xicheng/index.html
象州,xiangzhou/index.html
兴宾,xingbin/index.html
兴安,xinganxian/index.html
秀峰,xiufeng/index.html
桂林象山,guilinxiangshan/index.html
兴业,xingye/index.html
西林,xilinxian/index.html
秀英,xiuying/index.html
西沙,xisha/index.html
新界,xinjie/index.html
新北,xinbei/index.html
新竹,xinzhu/index.html
新竹,xinzhuxian/index.html
延庆,yanqing/index.html
杨浦,yangpuqu/index.html
渝中,yuzhongqu/index.html
永川,yongchuan/index.html
渝北,yubei/index.html
云阳,yunyang/index.html
酉阳,youyang/index.html
依兰,yilan/index.html
延寿,yanshou/index.html
依安,yian/index.html
阳明,yangmingqu/index.html
伊春,yichun/index.html
伊春,yichunqu/index.html
友谊,youyi/index.html
榆树,yushu/index.html
永吉,yongji/index.html
延边,yanbian/index.html
延吉,yanji/index.html
伊通,yitong/index.html
于洪,yuhongqu/index.html
元宝,yuanbaoqu/index.html
义县,yixian/index.html
营口,yingkou/index.html
银州区,yinzhouqu/index.html
玉泉,yuquanqu/index.html
元宝山,yuanbaoshanqu/index.html
伊克乌素,yikewusu/index.html
伊金霍洛,yijinhuoluo/index.html
牙克石,yakeshi/index.html
雅布赖,yabulai/index.html
元氏,yuanshi/index.html
裕华,yuhuaqu/index.html
易县,yixian1/index.html
蔚县,yuxian1/index.html
阳原,yangyuan/index.html
鹰手营子矿,yingshouying/index.html
玉田,yutian/index.html
永清,yongqing/index.html
盐山,yanshan/index.html
运河,yunhequ/index.html
永年,yongnian/index.html
阳曲,yangqu/index.html
迎泽,yingzequ/index.html
阳高,yanggao/index.html
阳泉,yangquan/index.html
盂县,yuxian/index.html
榆次,yuci/index.html
榆社,yushe/index.html
阳城,yangcheng/index.html
永和,yonghe/index.html
翼城,yicheng/index.html
尧都,yaodu/index.html
运城,yuncheng/index.html
垣曲,yuanqu/index.html
永济,yongji1/index.html
盐湖,yanhuqu/index.html
右玉,youyu/index.html
应县,yingxian/index.html
原平,yuanping/index.html
雁塔,yantaqu/index.html
阎良,yanliangqu/index.html
永寿,yongshou/index.html
延安,yanan/index.html
延长,yanchang/index.html
延川,yanchuan/index.html
宜川,yichuan/index.html
榆林,yulin/index.html
榆阳,yuyang/index.html
榆阳,yuyangqu/index.html
洋县,yangxian/index.html
耀县,yaoxian/index.html
宜君,yijun/index.html
耀州,yaozhou/index.html
印台,yintaiqu/index.html
沂源,yiyuan/index.html
禹城,yucheng/index.html
烟台,yantai/index.html
鱼台,yutai/index.html
兖州,yanzhou/index.html
沂南,yinan/index.html
沂水,yishui/index.html
郓城,yuncheng1/index.html
阳信,yangxin/index.html
峄城,yicheng1/index.html
阳谷,yanggu/index.html
尉犁,yuli/index.html
焉耆,yanqi/index.html
英吉沙,yingjisha/index.html
叶城,yecheng/index.html
岳普湖,yuepuhu/index.html
伊宁,yining/index.html
伊宁,yiningxian/index.html
裕民,yumin/index.html
伊州,hamiyizhou/index.html
伊吾,yiwu/index.html
于田,yutian1/index.html
亚东,yadong/index.html
玉树,yushu1/index.html
永登,yongdeng/index.html
榆中,yuzhong/index.html
永昌,yongchang/index.html
玉门,yumen/index.html
永靖,yongjing/index.html
银川,yinchuan/index.html
永宁,yongning/index.html
盐池,yanchi/index.html
原州,yuanzhou/index.html
殷都,yinduqu/index.html
原阳,yuanyang/index.html
延津,yanjin/index.html
鄢陵,yanling/index.html
禹州,yuzhou1/index.html
叶县,yexian/index.html
禹王台,yuwangtaiqu/index.html
宜阳,yiyang/index.html
伊川,yichuan1/index.html
偃师,yanshi1/index.html
虞城,yucheng1/index.html
永城,yongcheng/index.html
源汇,yuanhuiqu/index.html
郾城,yanchengqu/index.html
驿城,yichengqu/index.html
义马,yima/index.html
雨花台,yuhuataiqu/index.html
宜兴,yixing/index.html
扬中,yangzhong/index.html
扬州,yangzhou/index.html
仪征,yizheng/index.html
盐城,yancheng/index.html
盐都,yandu/index.html
云龙,yunlongqu/index.html
宜城,yicheng2/index.html
云梦,yunmeng/index.html
应城,yingcheng/index.html
英山,yingshan/index.html
阳新,yangxin1/index.html
宜昌,yichang/index.html
远安,yuanan/index.html
宜都,yidu/index.html
夷陵,yiling/index.html
郧西,yunxi/index.html
郧阳,yunyangqu/index.html
余杭,yuhang/index.html
余姚,yuyao/index.html
鄞州,yinzhou/index.html
越城,yuechengqu/index.html
玉环,yuhuan/index.html
乐清,yueqing/index.html
永嘉,yongjia/index.html
云和,yunhe/index.html
义乌,yiwu1/index.html
永康,yongkang/index.html
瑶海,yaohai/index.html
禹会,yuhuiqu/index.html
弋江,yijiangqu/index.html
雨山,yushanqu/index.html
岳西,yuexi/index.html
迎江,yingjiangqu/index.html
宜秀,yixiuqu/index.html
埇桥,yongqiaoqu/index.html
颍上,yingshang/index.html
颍州,yingzhouqu/index.html
颍泉,yingquanqu/index.html
颍东,yingdongqu/index.html
黟县,yixian2/index.html
义安,yianqu/index.html
叶集,yejiqu/index.html
裕安,yuan/index.html
永泰,yongtai/index.html
永春,yongchun/index.html
云霄,yunxiao/index.html
永定,yongding/index.html
尤溪,youxi/index.html
永安,yongan/index.html
延平,yanping/index.html
永修,yongxiu/index.html
余干,yugan/index.html
弋阳,yiyang2/index.html
铅山,yanshan2/index.html
玉山,yushan/index.html
宜黄,yihuang/index.html
宜春,yichun1/index.html
宜丰,yifeng/index.html
袁州区,yuanzhouqu/index.html
永丰,yongfeng/index.html
永新,yongxin/index.html
于都,yudu/index.html
渝水,yushuiqu/index.html
鹰潭,yingtan/index.html
余江,yujiang/index.html
月湖,yuehuqu/index.html
岳麓,yueluqu/index.html
雨湖,yuhuqu/index.html
岳塘,yuetangqu/index.html
攸县,youxian/index.html
炎陵,yanling1/index.html
雁峰,yanfengqu/index.html
宜章,yizhang/index.html
永兴,yongxing/index.html
益阳,yiyang1/index.html
沅江,yuanjiang/index.html
岳阳,yueyang/index.html
岳阳楼,yueyanglouqu/index.html
云溪,yunxiqu/index.html
岳阳,yueyangxian/index.html
张家界永定,yongdingqu/index.html
沅陵,yuanling/index.html
永州,yongzhou/index.html
永顺,yongshun/index.html
云岩,yunyan/index.html
余庆,yuqing/index.html
玉屏,yuping/index.html
印江,yinjiang/index.html
沿河,yanhe/index.html
盐边,yanbian1/index.html
沿滩,yantanqu/index.html
盐亭,yanting/index.html
游仙,youxianqu/index.html
营山,yingshanxian/index.html
仪陇,yilong/index.html
岳池,yuechi/index.html
宜宾,yibin/index.html
宜宾,yibinxian/index.html
盐源,yanyuan/index.html
越西,yuexixian/index.html
雅安,yaan/index.html
荥经,yingjing/index.html
雨城,yuchengqu/index.html
雅江,yajiang/index.html
元坝,yuanbaqu/index.html
越秀,yuexiuqu/index.html
盐田,yantianqu/index.html
源城,yuanchengqu/index.html
阳山,yangshan/index.html
英德,yingde/index.html
云浮,yunfu/index.html
郁南,yunan/index.html
云安,yunan1/index.html
云城,yunchengqu/index.html
阳江,yangjiang/index.html
阳春,yangchun/index.html
阳东,yangdong/index.html
阳西,yangxi/index.html
宜良,yiliang/index.html
云龙,yunlong/index.html
漾濞,yangbi/index.html
永平,yongping/index.html
元阳,yuanyangxian/index.html
砚山,yanshanxian/index.html
玉溪,yuxi/index.html
易门,yimen/index.html
元江,yuanjiangxian/index.html
元谋,yuanmou/index.html
姚安,yaoan/index.html
永仁,yongren/index.html
彝良,yiliangxian/index.html
永善,yongshan/index.html
盐津,yanjinxian/index.html
永德,yongde/index.html
云县,yunxian/index.html
永胜,yongsheng/index.html
玉龙,yulongnaxi/index.html
盈江,yingjiang/index.html
邕宁,yongningqu/index.html
鱼峰,yufengqu/index.html
永福,yongfu/index.html
阳朔,yangshuo/index.html
雁山,yanshanqu/index.html
玉林,yulin1/index.html
玉州,yuzhouqu/index.html
右江,youjiang/index.html
宜州,yizhou/index.html
银海,yinhai/index.html
崖州,yazhouqu/index.html
洋浦,yangpu/index.html
云林,yunlin/index.html
宜兰,taiwanyilan/index.html
忠县,zhongxian/index.html
肇东,zhaodong/index.html
肇州,zhaozhou/index.html
肇源,zhaoyuan/index.html
镇赉,zhenlai/index.html
庄河,zhuanghe/index.html
中山,zhongshanqu1/index.html
振兴,zhenxingqu/index.html
振安,zhenanqu/index.html
站前,zhanqianqu/index.html
彰武,zhangwu/index.html
卓资,zhuozi/index.html
扎鲁特,zhalute/index.html
准格尔,zhungeer/index.html
正镶白旗,zhengxiangbaiqi/index.html
正蓝旗,zhenglanqi/index.html
扎兰屯,zhalantun/index.html
扎赉诺尔,zhalainuoer/index.html
扎赉特,zhalaite/index.html
中泉子,zhongquanzi/index.html
正定,zhengding/index.html
赞皇,zanhuang/index.html
赵县,zhaoxian/index.html
涿州,zhuozhou/index.html
张家口,zhangjiakou/index.html
张北,zhangbei/index.html
涿鹿,zhuolu/index.html
遵化,zunhua/index.html
枣强,zaoqiang/index.html
左云,zuoyun/index.html
左权,zuoquan/index.html
长子,zhangzi/index.html
泽州,zezhou/index.html
中阳,zhongyang/index.html
周至,zhouzhi/index.html
子长,zichang/index.html
志丹,zhidan/index.html
子洲,zizhou/index.html
柞水,zhashui/index.html
镇安,zhenan/index.html
紫阳,ziyang/index.html
镇坪,zhenping/index.html
镇巴,zhenba/index.html
章丘,zhangqiu/index.html
淄博,zibo/index.html
淄川,zichuan/index.html
周村,zhoucun/index.html
张店,zhangdianqu/index.html
招远,zhaoyuan1/index.html
芝罘,zhifuqu/index.html
诸城,zhucheng/index.html
邹城,zoucheng/index.html
沾化,zhanhua/index.html
邹平,zouping/index.html
枣庄,zaozhuang/index.html
泽普,zepu/index.html
昭苏,zhaosu/index.html
仲巴,zhongba/index.html
扎囊,zhanang/index.html
泽当,zedang/index.html
左贡,zuogong/index.html
札达,zhada/index.html
泽库,zeku/index.html
治多,zhiduo/index.html
杂多,zaduo/index.html
漳县,zhangxian/index.html
庄浪,zhuanglang/index.html
正宁,zhengning/index.html
镇原,zhenyuan/index.html
张掖,zhangye/index.html
张家川,zhangjiachuan/index.html
卓尼,zhuoni/index.html
舟曲,zhouqu/index.html
中卫,zhongwei/index.html
中宁,zhongning/index.html
郑州,zhengzhou/index.html
中牟,zhongmou/index.html
中原,zhongyuanqu/index.html
湛河,zhanhequ/index.html
镇平,zhenping1/index.html
柘城,zhecheng/index.html
中站,zhongzhanqu/index.html
周口,zhoukou/index.html
驻马店,zhumadian/index.html
正阳,zhengyang/index.html
镇江,zhenjiang/index.html
张家港,zhangjiagang/index.html
钟楼,zhonglouqu/index.html
枣阳,zaoyang/index.html
秭归,zigui/index.html
枝江,zhijiang/index.html
竹溪,zhuxi/index.html
竹山,zhushan/index.html
张湾,zhangwan/index.html
曾都,zengduqu/index.html
钟祥,zhongxiang/index.html
镇海,zhenhai/index.html
诸暨,zhuji/index.html
舟山,zhoushan/index.html
枞阳,zongyang/index.html
周宁,zhouning/index.html
柘荣,zherong/index.html
漳州,zhangzhou/index.html
漳浦,zhangpu/index.html
诏安,zhaoan/index.html
漳平,zhangping/index.html
政和,zhenghe/index.html
资溪,zixi/index.html
樟树,zhangshu/index.html
章贡,zhanggongqu/index.html
珠山,zhushanqu/index.html
株洲,zhuzhou/index.html
株洲,zhuzhouxian/index.html
珠晖,zhuhuiqu/index.html
蒸湘,zhengxiangqu/index.html
资兴,zixing/index.html
资阳,ziyangqu/index.html
张家界,zhangjiajie/index.html
芷江,zhijiang1/index.html
中方,zhongfang/index.html
遵义,zunyi/index.html
正安,zhengan/index.html
镇宁,zhenning/index.html
紫云,ziyun/index.html
镇远,zhenyuan1/index.html
织金,zhijin/index.html
钟山,zhongshanqu/index.html
贞丰,zhenfeng/index.html
自贡,zigong/index.html
自流井,ziliujingqu/index.html
梓潼,zitong/index.html
资中,zizhong/index.html
资阳,ziyang1/index.html
昭觉,zhaojue/index.html
中江,zhongjiang/index.html
昭化,zhaohuaqu/index.html
增城,zengcheng/index.html
浈江,zhenjiang1/index.html
珠海,zhuhai/index.html
肇庆,zhaoqing/index.html
湛江,zhanjiang/index.html
紫金,zijin/index.html
中山,zhongshan/index.html
沾益,zhanyi/index.html
镇沅,zhenyuanxian/index.html
昭通,zhaotong/index.html
镇雄,zhenxiong/index.html
昭阳,zhaoyangqu/index.html
镇康,zhenkang/index.html
中甸,zhongdian/index.html
资源,ziyuan/index.html
昭平,zhaoping/index.html
钟山,zhongshanxian/index.html
昭平,zhaopingqu/index.html
彰化,zhanghua/index.html
